task_index,phase,repetition,execution_mode,strategy,model,success,total_tokens,answer_tail
116,frozen,1,collective,blind-debate,deepseek-ai/DeepSeek-V4-Flash,t,725,"The original daily revenue is 200 cups × $5 = $1000. Raising the price to $6 causes a 15% loss of customers, so the new number of cups sold per day is 200 × (1 - 0.15) = 200 × 0.85 = 170 cups. The new daily revenue is 170 cups × $6 = $1020. FINAL: 1020"
116,frozen,2,collective,blind-debate,ministral-3b-latest,t,691,"Calculation**    - New revenue = 170 × $6 = **$1,020/day** 4. **Edge Cases & Caveats**    - Assumes no substitution effects (customers don’t switch to cheaper brands).    - Ignores marginal costs or profit margins beyond revenue impact.    - No elasticity adjustments beyond the 15% loss. FINAL: 1020"
116,frozen,1,collective,consensus,deepseek-ai/DeepSeek-V4-Flash,t,715,最初每天卖出200杯，每杯5美元，日收入为200 × 5 = 1000美元。价格提高到6美元后，顾客减少15%，即新顾客数量为200 × (1 - 0.15) = 200 × 0.85 = 170杯。新的日收入为170 × 6 = 1020美元。 FINAL: 1020
116,frozen,2,collective,consensus,ministral-3b-latest,t,711,"ps × $6/cup = **$1,020** 4. **Edge Cases & Caveats**    - Assumes price elasticity holds perfectly (15% drop for $1 increase).    - No other external factors (e.g., marketing, operational costs) are considered.    - Marginal customers may not respond linearly; this is a simplified model. FINAL: 1020"
116,frozen,1,collective,expert-panel,codestral-latest,t,626,"t revenue increase of $20, demonstrating that the reduced customer base did not offset the higher price point. **Priority Actions:** - Continue monitoring customer response to the price change. - Consider offering loyalty programs or seasonal promotions to maintain customer satisfaction. FINAL: 1020"
116,frozen,2,collective,expert-panel,codestral-latest,t,833,"all customer loss, demonstrating that strategic pricing can enhance revenue without significant market share erosion. **Priority Actions:** 1. Monitor customer feedback to ensure satisfaction with the price increase. 2. Consider further price adjustments based on ongoing demand analysis. FINAL: 1020"
117,frozen,2,collective,blind-debate,codestral-latest,t,536,0.999 × 0.995 = 0.994005 0.994005 × 0.990 = 0.98406495 FINAL: 98.41
117,frozen,1,collective,blind-debate,ministral-14b-2512,t,1279,"lly independent. If services share dependencies (e.g., shared databases), the actual rate could be **worse** due to correlated failures.    - **No Recovery**: If some services allow retries or fallback mechanisms, the effective success rate would improve, but this was not specified in the question. "
117,warmup,1,collective,consensus,ministral-14b-2512,t,763," \times 0.995 \times 0.990 \] First, multiply A and B: \[ 0.999 \times 0.995 = 0.994005 \] Then multiply the result by C: \[ 0.994005 \times 0.990 = 0.98406495 \] Convert the result back to a percentage: \[ 0.98406495 \times 100 = 98.406495\% \] Rounded to two decimal places: **98.41%** FINAL: 98.41"
117,frozen,2,collective,consensus,zai-org/GLM-4.6V,t,966,"s rate = 0.995   - Microservice C: 99.0% success rate = 0.990 For a chain of services, the end-to-end success rate is the product of individual success rates: 0.999 × 0.995 × 0.990 = 0.98406495 Converting to percentage: 0.98406495 × 100 = 98.406495% Rounded to two decimal places: 98.41% FINAL: 98.41"
117,frozen,1,collective,expert-panel,codestral-latest,t,703,0.999 × 0.995 = 0.994005 0.994005 × 0.990 = 0.98406495 FINAL: 98.41
117,frozen,2,collective,expert-panel,ministral-3b-latest,t,704,**Multiplication Steps:** 0.999 × 0.995 = 0.994005 0.994005 × 0.990 = 0.98406495 **FINAL: 98.41%**
118,frozen,2,collective,blind-debate,codestral-latest,t,983,ac{P(D|C) \times P(C)}{P(D)} \)    - \( P(C|D) = \frac{0.05 \times 0.25}{0.031} \)    - \( P(C|D) = \frac{0.0125}{0.031} \)    - \( P(C|D) \approx 0.4032 \) 5. **Convert to Percentage:**    - \( P(C|D) \approx 40.32\% \) 6. **Round to One Decimal Place:**    - \( P(C|D) \approx 40.3\% \) FINAL: 40.3
118,frozen,1,collective,blind-debate,mistral-large-2512,t,3098,"### **Definitive Answer: Probabilité qu'un widget défectueux provienne de l'Usine C** La probabilité qu'un widget défectueux provienne de **l'Usine C** est de **40,3 %**. "
118,frozen,2,collective,consensus,codestral-latest,t,974,|D) = \frac{P(D|C) \times P(C)}{P(D)} \)    - \( P(C|D) = \frac{0.05 \times 0.25}{0.031} \)    - \( P(C|D) = \frac{0.0125}{0.031} \)    - \( P(C|D) \approx 0.4032 \) 5. **Convert to Percentage and Round:**    - \( P(C|D) \approx 40.32\% \)    - Rounded to one decimal place: \( 40.3\% \) FINAL: 40.3%
118,frozen,1,collective,consensus,mistral-large-2512,t,946, * 0.40) + (0.03 * 0.35) + (0.05 * 0.25)         = 0.008 + 0.0105 + 0.0125         = 0.031 5. Now compute P(C|D):    P(C|D) = (0.05 * 0.25) / 0.031           = 0.0125 / 0.031           ≈ 0.4032258 6. Convert to percentage and round to one decimal:    0.4032258 * 100 ≈ 40.3% </reasoning> FINAL: 40.3%
118,frozen,1,collective,expert-panel,codestral-latest,t,1091,0.25)         = 0.008 + 0.0105 + 0.0125         = 0.031 5. Apply Bayes’ theorem to find P(C|D):    P(C|D) = [P(D|C)·P(C)] / P(D)           = (0.05·0.25) / 0.031           = 0.0125 / 0.031           ≈ 0.4032258 6. Convert to percentage and round to one decimal:    0.4032258 × 100 ≈ 40.3% FINAL: 40.3%
118,frozen,2,collective,expert-panel,codestral-latest,t,1411,abilities** for the widget coming from each factory: - \( P(A) = 0.40 \) - \( P(B) = 0.35 \) - \( P(C) = 0.25 \) The **defect rates** for each factory are given as likelihoods of a widget being defective if it came from that factory: - \( P(D|A) = 0.02 \) - \( P(D|B) = 0.03 \) - \( P(D|C) = 0.05 \) 
119,frozen,1,collective,blind-debate,deepseek-ai/DeepSeek-V4-Flash,t,826,"stance light travels in 1/299,792,458 of a second. As a fundamental constant, it is exact by definition, and any experimental measurements are approximations of this exact value due to instrumental limitations. This constant underpins precision metrology, telecommunications, and fundamental physics."
119,frozen,2,collective,blind-debate,ministral-3b-latest,t,494,"The speed of light in a vacuum, as defined by the International System of Units (SI) since 2019, is **299,792,458 meters per second**. FINAL: 299792458"
119,frozen,1,collective,consensus,codestral-latest,t,505,"The speed of light in a vacuum is a fundamental constant of nature, defined by the International System of Units (SI) as exactly 299,792,458 meters per second. FINAL: 299792458"
119,frozen,2,collective,consensus,codestral-latest,t,516,"The speed of light in a vacuum is exactly defined by the International System of Units (SI) as 299,792,458 meters per second. This value is a fundamental constant in physics and is denoted by the symbol 'c'. FINAL: 299792458"
119,frozen,1,collective,expert-panel,codestral-latest,t,354,The speed of light in a vacuum is exactly defined by the International System of Units (SI) as 299792458 meters per second. FINAL: 299792458
119,frozen,2,collective,expert-panel,ministral-3b-latest,t,350,FINAL: 299792458
120,frozen,1,collective,blind-debate,deepseek-ai/DeepSeek-V4-Flash,t,1593,")\)). - **Practical significance:** For \(n = 1{,}000{,}000\), only about 20 comparisons are needed in the worst case, making binary search extremely efficient for large, sorted datasets. In summary, the time complexity of binary search on a sorted array of \(n\) elements is \(\mathcal{O}(\log n)\)."
120,frozen,2,collective,blind-debate,ministral-3b-latest,t,871,"ible *O(1)* per iteration). 6. **Caveats**:    - **Worst-case**: *O(log n)* holds for any balanced binary search (e.g., even if splits are *n/3*).    - **Implementation quirks**: Recursive calls may introduce *O(log n)* stack space (but algorithmic complexity remains *O(log n)*). FINAL: **O(log n)**"
120,frozen,1,collective,consensus,codestral-latest,t,535,"s by repeatedly dividing the search interval in half. If the value of the search key is less than the item in the middle of the interval, narrow the interval to the lower half. Otherwise, narrow it to the upper half. Repeatedly check until the value is found or the interval is empty. FINAL: O(log n)"
120,frozen,2,collective,consensus,codestral-latest,t,701,"isons required is proportional to log₂n. In Big-O notation, we express the time complexity as O(log n), where the base of the logarithm is 2. However, since logarithms of different bases are related by a constant factor, we can simplify it to O(log n) without specifying the base. **FINAL: O(log n)**"
120,frozen,2,collective,expert-panel,codestral-latest,t,561,"is is because binary search operates by repeatedly dividing the search interval in half, leading to a logarithmic number of steps relative to the input size. Each comparison reduces the problem size by half, resulting in an efficient search algorithm with logarithmic time complexity. FINAL: O(log n)"
120,frozen,1,collective,expert-panel,ministral-3b-latest,t,445,FINAL: **O(log₂ n)**
121,frozen,1,collective,blind-debate,codestral-latest,t,1264,"tasa de **2 tokens por segundo**. Para alcanzar nuevamente su capacidad máxima de **10 tokens**, se requieren: \[ \frac{10 \text{ tokens}}{2 \text{ tokens/seg}} = 5 \text{ segundos} \] **Respuesta final:** - **Requests rechazados:** 5 - **Tiempo para rellenar el depósito:** 5 segundos **FINAL:** 5,5"
121,frozen,2,collective,blind-debate,ministral-3b-latest,t,921,Let's analyze this step-by-step: 
121,frozen,1,collective,consensus,codestral-latest,t,1045," processed**: 10 (consuming 10 tokens) 3. **Tokens left**: 0 4. **Refill rate**: 2 tokens/second 5. **Time to refill**: 10 tokens / 2 tokens/second = 5 seconds Everything checks out. ### Final Answer - **Number of rejected requests**: 5 - **Time until the bucket is full again**: 5 seconds FINAL: 5,5"
121,frozen,2,collective,consensus,ministral-3b-latest,t,905,Let’s analyze the token-bucket rate limiter scenario step-by-step. 
121,frozen,2,collective,expert-panel,codestral-latest,t,1611,Let's analyze the token-bucket rate limiting scenario step-by-step. 
121,frozen,1,collective,expert-panel,mistralai/ministral-14b-instruct-2512,t,1145,**Ailin¹ Unified Response: Token-Bucket Rate Limiter Analysis** 
122,frozen,2,collective,blind-debate,deepseek-ai/DeepSeek-V4-Flash,t,908,"The capital city of Australia is Canberra. It was purpose-built as the capital in the early 20th century to resolve the rivalry between Sydney and Melbourne, and it hosts the Parliament House, the High Court, and other national institutions. FINAL: Canberra"
122,frozen,1,collective,blind-debate,ministral-3b-latest,t,694,"Early capital, but abandoned for Sydney. **Practical implications**: - **Canberra** is the operational capital, hosting all federal institutions. - **Melbourne** remains the cultural and economic hub, often colloquially referred to as ""Australia’s capital"" for public perception. FINAL: **Canberra**."
122,frozen,1,collective,consensus,mistralai/mistral-medium-3.5-128b,t,520,"rivals Sydney and Melbourne, the two largest cities in Australia. It was officially named the capital in 1913, and construction began shortly after. The city is located in the Australian Capital Territory (ACT), which is a separate territory created specifically to house the capital. FINAL: Canberra"
122,frozen,2,collective,consensus,zai-org/GLM-4.6V,t,768,"le mistakenly believe Sydney is the capital due to its size and prominence. The decision to establish Canberra as the capital was part of Australia's federation process, with the Federal Capital Territory (now Australian Capital Territory) being created specifically for this purpose. FINAL: Canberra"
122,frozen,1,collective,expert-panel,codestral-latest,t,535,Canberra FINAL:
122,frozen,2,collective,expert-panel,codestral-latest,t,549,ernance and its historical and architectural significance. **PRIORITY ACTIONS:** - Ensure all official documents and communications refer to Canberra as the capital city. - Promote awareness of Canberra's historical and cultural importance through educational initiatives and tourism. FINAL: Canberra
123,sanity-check,1,collective,blind-debate,ministral-3b-latest,t,2091,"*| **17,000**     |                     | **$42,000**      | **Key Insight:** - Both models confirm **no hidden assumptions**—only direct multiplication of rides × profit per ride. - **City B’s dominance** in initial profit aligns with its higher ride frequency and profit margin (4x City C’s rate). "
123,frozen,2,collective,blind-debate,ministral-3b-latest,t,935,"Rides per day: **5,000**   - Profit per ride: **$4**   - **Total profit:** 5,000 × $4 = **$20,000** - **City C:**   - Rides per day: **2,000**   - Profit per ride: **$1**   - **Total profit:** 2,000 × $1 = **$2,000** **Combined Original Profit:** $20,000 (A) + $20,000 (B) + $2,000 (C) = **$42,000** "
123,frozen,2,collective,consensus,codestral-latest,t,993," = $4.50    - **City B New Profit:**      - 5,000 rides/day * $4.50/ride = $22,500/day    - **New Total Daily Profit:**      - $20,000 (City A) + $22,500 (City B) + $2,000 (City C) = $44,500/day ### Final Answer Current total daily profit: $42,000/day New total daily profit: $44,500/day FINAL: 44500"
123,sanity-check,1,collective,consensus,google/diffusiongemma-26b-a4b-it,t,796,"42,000 Next, an investment adds $0.50 profit per ride in City B only: *   **New profit for City B:** $4.00 + $0.50 = $4.50/ride *   **New City B total profit:** 5,000 rides × $4.50/ride = $22,500 **New total daily profit:** $20,000 (City A) + $22,500 (City B) + $2,000 (City C) = $44,500 FINAL: 44500"
123,sanity-check,1,collective,expert-panel,codestral-latest,t,1996,fully integrated into the system. 2. **Monitor Profit Increase**: Continuously monitor the new profit figures to ensure the expected increase is achieved and sustained. 3. **Evaluate Other Cities**: Consider similar investments in other cities if the results are positive and profitable. FINAL: 44500
123,frozen,2,collective,expert-panel,ministral-3b-latest,t,982,"des × $4) - **City C:** $2,000/day (2,000 rides × $1) - **Total:** **$42,000/day** **After Investment in City B:** - **City B Profit Increase:** 5,000 rides × $0.50 = **$2,500/day** - **New City B Profit:** $22,500/day ($20,000 + $2,500) - **New Total Daily Profit:** **$44,500/day** FINAL: **44500**"
124,frozen,2,collective,blind-debate,deepseek-ai/DeepSeek-V4-Flash,t,652,The hexadecimal number `0x2F` has two digits: `2` in the 16¹ place and `F` (which is 15 in decimal) in the 16⁰ place. Place‑value calculation:   `2 × 16¹ = 2 × 16 = 32`   `15 × 16⁰ = 15 × 1 = 15`   Sum: `32 + 15 = 47` FINAL: 47
124,frozen,1,collective,blind-debate,ministral-3b-latest,t,554,**Place-value breakdown (hexadecimal to decimal):** - **0x2F** means:   - `0` × (16⁰ × 1) = 0   - `2` × (16¹ × 1) = **32**   - `F` (which = 15) × (16² × 1) = **4480** - **Sum:** 0 + 32 + 4480 = **4512** FINAL: **4512**
124,frozen,1,collective,consensus,codestral-latest,t,648,"e. 3. The leftmost digit '2' is in the 16^1 (sixteens) place. Now, let's calculate the decimal equivalent: - 'F' in hexadecimal is 15 in decimal. So, F * 16^0 = 15 * 1 = 15. - '2' in hexadecimal is 2 in decimal. So, 2 * 16^1 = 2 * 16 = 32. Now, add these two results together: 32 + 15 = 47. FINAL: 47"
124,frozen,2,collective,consensus,ministral-3b-latest,t,574,"**Place-value breakdown for hexadecimal `0x2F`:** - `2` is in the **hexadecimal ""hexes""** place (×16¹ = 16):   `2 × 16 = 32` - `F` is in the **hexadecimal ""ones""** place (×16⁰ = 1):   `F` (hex) = `15` in decimal → `15 × 1 = 15` - **Sum**: `32 + 15 = 47` FINAL: `47`"
124,frozen,2,collective,expert-panel,deepseek-ai/DeepSeek-V4-Flash,t,405,2 * 16¹ = 2 * 16 = 32   F * 16⁰ = 15 * 1 = 15   32 + 15 = 47   FINAL: 47
124,frozen,1,collective,expert-panel,ministral-3b-latest,t,765,"Here’s the conversion with full integration of the domain-specific insights (even though this is a math example, the structure mirrors how we’d synthesize expert inputs for a real technical project): "
125,frozen,1,collective,blind-debate,codestral-latest,t,803,"he projectile will take the same amount of time to come back down to the launch height. Therefore, the total time it takes for the projectile to return to the launch height is: Total time = Time to reach maximum height + Time to fall back to launch height = 2 seconds + 2 seconds = 4 seconds FINAL: 4"
125,frozen,2,collective,blind-debate,ministral-3b-latest,t,1171,". **Caveats:** - Assumes no air resistance or other forces. - Assumes the projectile lands at the exact same vertical position (e.g., ground level if launched from ground). - If the projectile were launched from a height \( h \), the return time would depend on \( h \) (via the quadratic equation). "
125,frozen,1,collective,consensus,codestral-latest,t,815,nd then comes back down to the launch height. The total time is twice the time it takes to reach the maximum height (which is the same as the time it takes to return to the launch height from the maximum height).    \[    \text{Total time} = 2 \times t = 2 \times 2 = 4 \text{ seconds}    \] FINAL: 4
125,frozen,2,collective,consensus,ministral-3b-latest,t,1194," that the time to go up equals the time to come down (ignoring air resistance). </reasoning> **Final kinematic derivation**: The projectile’s height is: \[   y(t) = 20t - 5t^2, \] and it returns to launch height when \(y(t) = 0\). Solving \(20t - 5t^2 = 0\) gives \(t = 0\) or \(t = 4\). FINAL: **4**"
125,frozen,1,collective,expert-panel,deepseek-ai/DeepSeek-V4-Flash,t,764,"n under constant gravitational acceleration. Using the equation \( v = v_0 + a t \) at the peak where \( v = 0 \):   \( 0 = 20 + (-10) t_{\text{up}} \) → \( t_{\text{up}} = 2 \, \text{s} \).   Time up equals time down, so total time to return to launch height is \( 2 + 2 = 4 \, \text{s} \). FINAL: 4"
125,frozen,2,collective,expert-panel,zai-org/GLM-4.6V,t,1299,o launch height) **Kinematic equation:** s(t) = s₀ + v₀t + ½at² **Setting up the equation:** 0 = 0 + 20t + ½(-10)t² 0 = 20t - 5t² **Solving for t:** t(20 - 5t) = 0 **Solutions:** - t = 0 (launch time) - t = 4 seconds (return time) The projectile returns to the launch height after 4 seconds. FINAL: 4
