id,experiment_id,task_index,phase,repetition,execution_mode,strategy,model,complexity,domain,success,quality_score,judge_score,cost_usd,total_tokens,latency_ms,failure_mode,models_used,created_at,response_md5,response_len
f42d9d97-e3c2-453a-b79c-7223c7527f0d,36183d17-6307-4435-a900-e350b238cbb1,102,sanity-check,1,single-model,single,qwen3:8b,high,creative,f,0.0000,,0.000000,0,7736,rate-limited,"",2026-07-06 01:40:07.511,f584f3725fc14dd6cb35a746dfc8191c,150
c7841336-45d2-437e-b735-da9cf127421a,36183d17-6307-4435-a900-e350b238cbb1,102,sanity-check,1,collective-tier1,consensus,,high,creative,f,0.0000,,0.000000,0,11075,rate-limited,"",2026-07-06 01:40:10.848,77318761a4f51352cc919d7a38099cbf,150
d1b82d4a-d71a-4bbb-9c45-a0fa0fd697b0,36183d17-6307-4435-a900-e350b238cbb1,102,warmup,1,collective-tier1,sensitivity-consensus,,high,creative,f,0.0000,,0.000000,0,1969,rate-limited,"",2026-07-06 01:40:12.029,77318761a4f51352cc919d7a38099cbf,150
5fde0b52-70a4-4897-8129-eadbada0815a,36183d17-6307-4435-a900-e350b238cbb1,102,frozen,1,single-model,single,openrouter/auto,high,creative,f,0.0000,,0.000000,0,1781,rate-limited,"",2026-07-06 01:40:14.691,f584f3725fc14dd6cb35a746dfc8191c,150
5a0dd083-073a-4461-856c-80ad395a1064,36183d17-6307-4435-a900-e350b238cbb1,102,frozen,1,collective,consensus,,high,creative,f,0.0000,,0.000000,0,3400,rate-limited,"",2026-07-06 01:40:17.513,77318761a4f51352cc919d7a38099cbf,150
6f146141-d7eb-4cbe-9253-47bb0fe3a793,36183d17-6307-4435-a900-e350b238cbb1,107,sanity-check,1,single-model,debate,llama3.2:3b,medium,resilience,t,0.8500,0.8500,0.000559,1315,13063,,codestral-latest,2026-07-06 01:40:23.333,73fc1195b47d2e45a0785f503a90477b,2867
d044e082-3cd5-477d-b8ce-3b1ea6703c73,36183d17-6307-4435-a900-e350b238cbb1,107,sanity-check,1,single-model,debate,qwen3:8b,medium,resilience,t,0.0900,0.0900,0.000635,1443,14149,,codestral-latest,2026-07-06 01:40:24.064,e3b5a315c87fe5423cb17485d7dc54f2,3393
e0ab8a3a-faa6-49cd-9e7e-16d541e1b95f,36183d17-6307-4435-a900-e350b238cbb1,98,frozen,1,single-model,single,qwen3:8b,medium,audio,t,0.0000,0.0000,0.000052,366,8767,,deepseek-ai/DeepSeek-V4-Flash,2026-07-06 01:40:34.017,95902455e78e2e8ccfdb7f50922c512b,565
508a9e8b-b746-41df-9c62-f4cbe99a2fa4,36183d17-6307-4435-a900-e350b238cbb1,98,frozen,1,single-model,single,llama3.2:3b,medium,audio,t,0.0000,0.0000,0.000060,406,9050,,deepseek-ai/DeepSeek-V4-Flash,2026-07-06 01:40:35.653,8a387bc06085c3f2dbf945c9561e1990,526
1d8cf936-260e-4649-8977-d5b7aff9c9b0,36183d17-6307-4435-a900-e350b238cbb1,98,frozen,1,collective-tier1,sensitivity-consensus,qwen-coder-plus,medium,audio,t,0.0000,0.0000,0.000094,39,5850,,qwen-turbo-latest|qwen-turbo-2025-04-28|qwen-turbo|qwen-turbo-2024-11-01|qwen-coder-plus,2026-07-06 01:40:51.423,59ea82d01f8be3fb3a4f9ca4871867d7,779
36378530-c18b-4e2c-97cf-3edbbd93e84d,36183d17-6307-4435-a900-e350b238cbb1,2,sanity-check,1,collective-tier1,consensus,qwen-coder-plus,high,tech,t,0.4000,0.4000,0.000383,1606,28960,,qwen-turbo-latest|qwen-turbo|qwen-turbo-2025-04-28|qwen-turbo-2024-11-01|qwen-coder-plus,2026-07-06 01:40:54.471,f33fa2b9487cbf44c4c8f251877320da,5541
f185890c-9009-4c59-b579-1b82cbdeb89e,36183d17-6307-4435-a900-e350b238cbb1,107,frozen,1,collective-tier1,debate,qwen-coder-plus,medium,resilience,t,0.1000,0.1000,0.000328,1460,21157,,qwen-coder-plus,2026-07-06 01:40:59.177,753e07fc2a1f6a5cd4abf468f204f0b4,3436
f1d460c3-2342-4756-a130-8686f462b4ed,36183d17-6307-4435-a900-e350b238cbb1,107,frozen,1,collective-tier1,debate,qwen-coder-plus,medium,resilience,t,0.0800,0.0800,0.000361,1578,24594,,qwen-coder-plus,2026-07-06 01:41:02.618,76b9ea3c8f6a4751fe96b3947a587c31,3729
4e728018-66d0-48ae-b48e-86e3841ad1c8,36183d17-6307-4435-a900-e350b238cbb1,2,sanity-check,1,single-model,single,llama3.2:3b,high,tech,t,1.0000,1.0000,0.000592,3395,45958,,deepseek-ai/DeepSeek-V4-Flash,2026-07-06 01:41:15.57,bd6bf3a64111471909cbaa4b4c94a4ab,12155
4e8e97df-4d87-4398-bd93-5ab4cf507c1b,36183d17-6307-4435-a900-e350b238cbb1,98,frozen,1,collective-tier1,consensus,qwen-coder-plus,medium,audio,t,0.0900,0.0900,0.000264,1149,17287,,qwen-turbo-latest|qwen-turbo-2025-04-28|qwen-turbo|qwen-turbo-2024-11-01|qwen-coder-plus,2026-07-06 01:41:17.027,6d050831cd7c3a4211b9bba13dc2aafc,4022
a2aa4372-db2f-4381-8ef1-eb8cae72103c,36183d17-6307-4435-a900-e350b238cbb1,107,frozen,1,single-model,debate,openrouter/auto,medium,resilience,t,0.0700,0.0700,0.000584,1358,12462,,codestral-latest,2026-07-06 01:41:26.4,ed76f1be4bfaad1f3d3d1cd6f3f9c650,3109
e0a47124-09ac-40de-850d-cca6aad97b0e,36183d17-6307-4435-a900-e350b238cbb1,112,sanity-check,1,single-model,single,llama3.2:3b,high,tech,t,0.7500,0.7500,0.000492,2822,41281,,deepseek-ai/DeepSeek-V4-Flash,2026-07-06 01:41:26.402,2e5ce8086bf809f4a8effa2dc8ce1075,8853
b0158277-bed2-459d-83bc-630223b6d775,36183d17-6307-4435-a900-e350b238cbb1,2,sanity-check,1,single-model,single,qwen3:8b,high,tech,t,1.0000,1.0000,0.000993,5621,61295,,deepseek-ai/DeepSeek-V4-Flash,2026-07-06 01:41:26.78,c5b440a89bc2df0c795ba2f6f6d0729b,13303
fcb092e1-cc05-421c-ab2c-d143d287193a,36183d17-6307-4435-a900-e350b238cbb1,2,frozen,1,collective-tier1,sensitivity-consensus,qwen-coder-plus,high,tech,t,0.0000,0.0000,0.000170,65,21959,,qwen-turbo-2025-04-28|qwen-turbo-latest|qwen-turbo|qwen-turbo-2024-11-01|qwen-coder-plus,2026-07-06 01:41:32.331,37c2dae4821fa15ce6fc7b272f5e38f3,928
b7790e78-c626-4f25-93cd-3cb69c9b63eb,36183d17-6307-4435-a900-e350b238cbb1,98,frozen,1,single-model,single,openrouter/auto,medium,audio,t,0.0000,0.0000,0.000046,330,30123,,openrouter/auto|deepseek-ai/DeepSeek-V4-Flash,2026-07-06 01:41:34.933,a76061a9c1dfeee5cee0745ed2337263,669
d01756dc-fa21-47f5-8c67-fc7610c764e2,36183d17-6307-4435-a900-e350b238cbb1,112,sanity-check,1,single-model,single,qwen3:8b,high,tech,t,1.0000,1.0000,0.000800,4530,55685,,deepseek-ai/DeepSeek-V4-Flash,2026-07-06 01:41:35.133,7f049ab2a3c403d3c25d8786ecd29c79,16623
66a2c16b-d496-446d-be1a-ba6724e5665f,36183d17-6307-4435-a900-e350b238cbb1,107,frozen,1,collective,debate,codestral-latest,medium,resilience,t,0.8500,0.8500,0.000623,1423,12088,,codestral-latest,2026-07-06 01:41:38.244,1cdbebbd1da28f668ef671a3215b93ed,3245
a18a89a2-0327-4f17-80df-3898d060235a,36183d17-6307-4435-a900-e350b238cbb1,102,sanity-check,1,single-model,single,llama3.2:3b,high,creative,t,0.0000,0.0000,0.000000,0,96868,,artificialguybr/Spontaneous-Combustion-Redmond-WAN2-I2V-14B|bytedance/seedance-2-mini,2026-07-06 01:41:46.201,9f0a9174c5f2807d614588da0d97084b,508
cb2542fb-ac9b-416b-a7da-2d2b3106bdf1,36183d17-6307-4435-a900-e350b238cbb1,102,frozen,2,single-model,single,qwen3:8b,high,creative,f,0.0000,,0.000000,0,10435,rate-limited,"",2026-07-06 01:41:58.705,f584f3725fc14dd6cb35a746dfc8191c,150
563506b6-e705-4f18-bfb7-2983868104a1,36183d17-6307-4435-a900-e350b238cbb1,102,frozen,2,collective-tier1,consensus,,high,creative,f,0.0000,,0.000000,0,6342,rate-limited,"",2026-07-06 01:42:07.216,77318761a4f51352cc919d7a38099cbf,150
3c1ffb3f-1105-480c-8725-01d1ad957dc3,36183d17-6307-4435-a900-e350b238cbb1,112,frozen,1,collective-tier1,consensus,qwen-coder-plus,high,tech,t,0.0600,0.0600,0.000318,1357,23231,,qwen-turbo-latest|qwen-turbo-2025-04-28|qwen-turbo-2024-11-01|qwen-turbo|qwen-coder-plus,2026-07-06 01:42:08.908,f70fe9ba892f3c20e51a3057fd34b6e9,5755
c2804381-6e56-48b8-b95c-71b5c80ea119,36183d17-6307-4435-a900-e350b238cbb1,102,frozen,2,collective-tier1,sensitivity-consensus,,high,creative,f,0.0000,,0.000000,0,2246,rate-limited,"",2026-07-06 01:42:11.486,77318761a4f51352cc919d7a38099cbf,150
c1ca293f-32a6-49a4-b881-1ef530e0e51c,36183d17-6307-4435-a900-e350b238cbb1,102,frozen,2,single-model,single,openrouter/auto,high,creative,f,0.0000,,0.000000,0,1236,rate-limited,"",2026-07-06 01:42:14.741,f584f3725fc14dd6cb35a746dfc8191c,150
c4eb33d6-7944-4cce-bcaf-3c62f2f68313,36183d17-6307-4435-a900-e350b238cbb1,112,frozen,1,collective-tier1,sensitivity-consensus,qwen-coder-plus,high,tech,t,0.0200,0.0200,0.000163,49,10759,,qwen-turbo-2025-04-28|qwen-turbo-latest|qwen-turbo-2024-11-01|qwen-turbo|qwen-coder-plus,2026-07-06 01:42:18.016,9334f7acd188a86b8515ee10e3e6000b,832
279d3646-bbdd-4591-872f-fdd1f08580f7,36183d17-6307-4435-a900-e350b238cbb1,102,frozen,2,collective,consensus,,high,creative,f,0.0000,,0.000000,0,1732,rate-limited,"",2026-07-06 01:42:18.498,77318761a4f51352cc919d7a38099cbf,150
ac25352a-b9e8-4422-818f-52cd8ce1d298,36183d17-6307-4435-a900-e350b238cbb1,14,frozen,1,single-model,single,llama3.2:3b,high,tech,t,0.0800,0.0800,0.000428,2474,25519,,deepseek-ai/DeepSeek-V4-Flash,2026-07-06 01:42:27.191,7dc4a7df2872e8f7cedb2b1079ffbcae,8161
5244ea1b-6360-44bf-b4c7-c2cc078c2975,36183d17-6307-4435-a900-e350b238cbb1,107,frozen,2,single-model,debate,qwen3:8b,medium,resilience,t,0.0000,0.0000,0.000000,0,53934,,kimi-k2-0905-preview,2026-07-06 01:42:40.129,e4cdfd9649b66493a53ea897f053ce5c,268
65c3d11f-0477-40c6-9fe9-4866058a5c25,36183d17-6307-4435-a900-e350b238cbb1,98,frozen,2,single-model,single,llama3.2:3b,medium,audio,t,0.0000,0.0000,0.000048,339,15767,,deepseek-ai/DeepSeek-V4-Flash,2026-07-06 01:42:44.741,4cb8dca5e3a3eb915084006d3654a6cf,456
6640bba0-dc56-43ed-bb34-8634e505f9d6,36183d17-6307-4435-a900-e350b238cbb1,98,frozen,2,single-model,single,qwen3:8b,medium,audio,t,0.0000,0.0000,0.000054,372,7774,,deepseek-ai/DeepSeek-V4-Flash,2026-07-06 01:43:05.816,fef616cd7fcca0aa60ddaa7fe154ed32,579
d4ff161b-f652-4d8e-9c13-51d859857deb,36183d17-6307-4435-a900-e350b238cbb1,112,frozen,1,single-model,single,openrouter/auto,high,tech,t,0.8500,0.8500,0.000571,3258,47601,,openrouter/auto|deepseek-ai/DeepSeek-V4-Flash,2026-07-06 01:43:05.987,90a57aa76ebbd4fee04fe57e25453f74,12566
d511980e-b080-42ab-bba2-22d2c1114e75,36183d17-6307-4435-a900-e350b238cbb1,102,frozen,2,single-model,single,llama3.2:3b,high,creative,t,0.0000,0.0000,0.000000,0,81492,,artificialguybr/Spontaneous-Combustion-Redmond-WAN2-I2V-14B|bytedance/seedance-2-mini,2026-07-06 01:43:08.407,f0b54c9679a6c7bbd4ff6870b4a86b62,508
adb0edc8-91be-4625-8e07-a3946691f44e,36183d17-6307-4435-a900-e350b238cbb1,107,frozen,2,collective-tier1,debate,qwen-coder-plus,medium,resilience,t,0.0500,0.0500,0.000342,1510,22844,,qwen-coder-plus,2026-07-06 01:43:25.43,a01d8ad83a22fd7d401c65d4242faeae,3342
876989a6-8233-4956-ba17-6abc629621b5,36183d17-6307-4435-a900-e350b238cbb1,98,frozen,2,collective-tier1,consensus,qwen-coder-plus,medium,audio,t,0.0000,0.0000,0.000103,575,8583,,qwen-turbo|qwen-turbo-2025-04-28|qwen-turbo-2024-11-01|qwen-turbo-latest|qwen-coder-plus,2026-07-06 01:43:25.75,87da041697fc08976592b769f8e289a6,1218
4f94eff2-f886-4ce3-85ff-d34b11e211a5,36183d17-6307-4435-a900-e350b238cbb1,98,frozen,2,collective-tier1,sensitivity-consensus,qwen-coder-plus,medium,audio,t,0.0000,0.0000,0.000091,39,7284,,qwen-turbo-latest|qwen-turbo-2025-04-28|qwen-turbo-2024-11-01|qwen-turbo|qwen-coder-plus,2026-07-06 01:43:29.318,1cd08020e664cefac683dd11a045899e,779
bf375b09-6e63-49ba-9904-a703a7a76478,36183d17-6307-4435-a900-e350b238cbb1,2,frozen,1,single-model,single,openrouter/auto,high,tech,t,0.0500,0.0500,0.000611,3498,44235,,openrouter/auto|deepseek-ai/DeepSeek-V4-Flash,2026-07-06 01:43:31.072,a3fd6bf489fcd17c91b719cf1c8a898b,11228
557292cd-9f88-4f04-af59-dfb67ff7eddb,36183d17-6307-4435-a900-e350b238cbb1,14,frozen,1,single-model,single,qwen3:8b,high,tech,t,0.8500,0.8500,0.000429,2479,29781,,deepseek-ai/DeepSeek-V4-Flash,2026-07-06 01:43:35.928,3a9e85e4131889f4c530314f2507cb6b,6151
6528a244-53fa-4f68-b64e-62529bf68275,36183d17-6307-4435-a900-e350b238cbb1,107,frozen,2,single-model,debate,llama3.2:3b,medium,resilience,t,0.1000,0.1000,0.001394,1262,15557,,codestral-latest|kimi-k2-0905-preview,2026-07-06 01:43:39.136,8f4f10ee4f70bca42f0f1eb3a078fb81,3760
dd119268-7a4b-445b-85cc-7dcbe34598a5,36183d17-6307-4435-a900-e350b238cbb1,98,frozen,2,single-model,single,openrouter/auto,medium,audio,t,0.0000,0.0000,0.000045,327,14923,,openrouter/auto|deepseek-ai/DeepSeek-V4-Flash,2026-07-06 01:43:52.745,13f42c637abbf5779d0c9e5a1f002222,562
0dcc4b0f-d91e-4855-9a2a-27b2c9de8b8f,36183d17-6307-4435-a900-e350b238cbb1,14,frozen,1,collective-tier1,sensitivity-consensus,qwen-coder-plus,high,tech,t,0.0200,0.0200,0.000168,94,10324,,qwen-turbo-latest|qwen-turbo|qwen-turbo-2025-04-28|qwen-turbo-2024-11-01|qwen-coder-plus,2026-07-06 01:43:58.668,cbf01562d9fa1c1dd624c11ebe6f1da6,1082
086ba392-16bc-4042-87d8-92184c5712e3,36183d17-6307-4435-a900-e350b238cbb1,107,frozen,2,collective-tier1,debate,qwen-coder-plus,medium,resilience,t,0.9500,0.9500,0.000371,1613,24850,,qwen-coder-plus,2026-07-06 01:44:00.279,0851af47946d15b2f8c7458e58489735,3763
7cebf12e-1189-423b-9c64-b09f30a99f05,36183d17-6307-4435-a900-e350b238cbb1,112,frozen,2,single-model,single,llama3.2:3b,high,tech,t,0.0900,0.0900,0.000406,2344,34977,,deepseek-ai/DeepSeek-V4-Flash,2026-07-06 01:44:03.246,52f39752771cdd14187550baef46a5a5,8509
2fe8010a-f15b-48fd-be91-36e4540be9f1,36183d17-6307-4435-a900-e350b238cbb1,14,frozen,1,collective-tier1,consensus,qwen-coder-plus,high,tech,t,0.0600,0.0600,0.000296,1289,20933,,qwen-turbo-2024-11-01|qwen-turbo-2025-04-28|qwen-turbo-latest|qwen-turbo|qwen-coder-plus,2026-07-06 01:44:15.546,89f3182fee6def73f497529aecec9360,4698
f21dff2b-db33-4005-8ba5-e86e08f242e9,36183d17-6307-4435-a900-e350b238cbb1,14,frozen,1,single-model,single,openrouter/auto,high,tech,t,0.8500,0.8500,0.000432,2499,27357,,openrouter/auto|deepseek-ai/DeepSeek-V4-Flash,2026-07-06 01:44:35.775,5074fb2acdfe314b9412b79285cff2b5,7897
f5c48c0e-a0e5-44b7-91b2-95dea8abc497,36183d17-6307-4435-a900-e350b238cbb1,2,frozen,1,collective,consensus,codestral-latest,high,tech,t,1.0000,1.0000,0.016835,1881,193126,,kimi-k2-0905-preview|hf:Qwen/Qwen3.5-397B-A17B|codestral-latest|deepseek-ai/DeepSeek-V4-Flash|mistralai/ministral-14b-instruct-2512,2026-07-06 01:44:49.625,9c7eda90c342256b1307703ae65cd3b2,29768
bd0081e8-a848-4e12-963d-0f21ea592296,36183d17-6307-4435-a900-e350b238cbb1,107,frozen,2,single-model,debate,openrouter/auto,medium,resilience,t,0.8000,0.8000,0.000051,1176,59542,,kimi-k2-0905-preview|meta-llama/Llama-3.1-8B-Instruct,2026-07-06 01:44:56.397,9ce4d680a79e77b9aa5746974f739220,3584
b397820a-9cf1-4b6e-9648-f9f5484a3a2a,36183d17-6307-4435-a900-e350b238cbb1,107,frozen,2,collective,debate,meta-llama/Llama-3.1-8B-Instruct,medium,resilience,t,0.1000,0.1000,0.000042,1006,59316,,kimi-k2-0905-preview|meta-llama/Llama-3.1-8B-Instruct,2026-07-06 01:45:06.147,21bbba001f32170966ecc9e8ac97e310,3253
472ef730-8fb9-4b59-85ca-f4d4312c8c80,36183d17-6307-4435-a900-e350b238cbb1,112,frozen,2,single-model,single,qwen3:8b,high,tech,t,0.0500,0.0500,0.000566,3233,44872,,deepseek-ai/DeepSeek-V4-Flash,2026-07-06 01:45:06.397,b86424fe54aab7ad5e6468e0e5b52a11,11621
506135b5-bc5a-4168-92a7-fd3fa4bcf5b9,36183d17-6307-4435-a900-e350b238cbb1,26,frozen,1,single-model,single,qwen3:8b,high,tech,t,0.0700,0.0700,0.000996,1810,17478,,deepseek-v3.2-exp|Qwen/Qwen3-8B,2026-07-06 01:45:28.986,8372f9dc648fad99e7734ec78aeffeb8,2721
dd1c44f0-d322-47b5-9a77-7736b682a983,36183d17-6307-4435-a900-e350b238cbb1,112,frozen,2,collective-tier1,consensus,qwen-turbo,high,tech,t,0.9500,0.9500,1.024442,1756,22431,,qwen-turbo-2025-04-28|qwen-turbo-latest|qwen-turbo|qwen3-30b-a3b-instruct-2507|qwen-coder-plus,2026-07-06 01:45:43.632,a4ff74699ff50ec889a1ce8e52751703,7266
08cdab66-00a7-475e-8c80-18b7462c8909,36183d17-6307-4435-a900-e350b238cbb1,112,frozen,2,collective-tier1,sensitivity-consensus,sensitivity-consensus,high,tech,t,0.0000,0.0000,0.000135,15,1563,,"",2026-07-06 01:45:53.61,85e8407a89022d2ca16a3f1adbec3a39,252
1d702846-352d-4828-9446-6c8eebc3f02b,36183d17-6307-4435-a900-e350b238cbb1,26,frozen,1,single-model,single,llama3.2:3b,high,tech,t,0.9800,0.9800,0.001339,3131,27959,,deepseek-v3.2-exp|qwen3-30b-a3b-instruct-2507,2026-07-06 01:46:01.842,855dfbd4abf214af62347c7c2c6d9caa,7675
64fd3998-444b-4cf0-8805-3ab4dc3fb514,36183d17-6307-4435-a900-e350b238cbb1,26,frozen,1,collective-tier1,sensitivity-consensus,sensitivity-consensus,high,tech,t,0.0000,0.0000,0.000135,15,1581,,"",2026-07-06 01:46:10.631,85e8407a89022d2ca16a3f1adbec3a39,252
80c3ecaf-bf36-4efc-b984-e2244bce42fb,36183d17-6307-4435-a900-e350b238cbb1,26,frozen,1,collective-tier1,consensus,qwen-turbo,high,tech,t,0.1000,0.1000,1.020327,1709,21772,,qwen-turbo-latest|qwen-turbo-2025-04-28|qwen-turbo|qwen-coder-plus|qwen3-30b-a3b-instruct-2507,2026-07-06 01:46:13.611,c28a564e62e332d4624c97240f1682f2,17858
81894d7a-7743-4e0b-a2a1-33d40f41329f,36183d17-6307-4435-a900-e350b238cbb1,112,frozen,2,single-model,single,openrouter/auto,high,tech,t,0.6000,0.6000,0.000257,1539,16366,,openrouter/auto|Qwen/Qwen3-8B,2026-07-06 01:46:20.221,13aac0b89b278de795ac30cf9fe72a4f,3221
1b6e10b8-edba-4420-a373-f97edf631049,36183d17-6307-4435-a900-e350b238cbb1,26,frozen,1,single-model,single,openrouter/auto,high,tech,t,0.0000,0.0000,0.000234,0,3786,,"",2026-07-06 01:46:23.198,17c81318da14e547b7bd27fcf1749587,202
03413671-0928-4a0c-8210-3ab77b045924,36183d17-6307-4435-a900-e350b238cbb1,46,frozen,1,single-model,single,llama3.2:3b,high,business,t,0.1000,0.1000,0.000324,1938,19089,,Qwen/Qwen3-8B,2026-07-06 01:46:49.081,1a0600f542280676c84404345799ca75,2832
122df1d7-38da-4105-9d97-8b488c01f44f,36183d17-6307-4435-a900-e350b238cbb1,46,frozen,1,single-model,single,qwen3:8b,high,business,t,0.0900,0.0900,0.000262,1596,17685,,Qwen/Qwen3-8B,2026-07-06 01:47:13.623,00bd6f1092a7d03792fe75a1c96c39bf,2337
20c5f382-cf4b-4e10-8edf-a5f71bfb6b9d,36183d17-6307-4435-a900-e350b238cbb1,46,frozen,1,collective-tier1,consensus,qwen-coder-plus,high,business,t,0.9500,0.9500,0.000287,1267,17456,,deepseek/deepseek-r1-0528:free|deepseek/deepseek-v4-flash|qwen3-30b-a3b-instruct-2507|qwen-turbo-latest|qwen-coder-plus,2026-07-06 01:47:52.561,f64fba24a93f3f14481f8296c9130ea5,4760
995e7d21-ca17-4e20-819e-e4750e1d4510,36183d17-6307-4435-a900-e350b238cbb1,46,frozen,1,collective-tier1,sensitivity-consensus,qwen-coder-plus,high,business,t,0.7000,0.7000,0.000163,55,9202,,deepseek/deepseek-r1-0528:free|deepseek/deepseek-v4-flash|qwen-turbo-2025-04-28|qwen-turbo-latest|qwen-coder-plus,2026-07-06 01:48:12.341,21eadbf7577b72ad68da187af8e6da55,922
bee29924-e3b8-492a-af0b-340eb2f777f7,36183d17-6307-4435-a900-e350b238cbb1,46,frozen,1,single-model,single,openrouter/auto,high,business,t,0.1500,0.1500,0.000288,1736,15978,,openrouter/auto|Qwen/Qwen3-8B,2026-07-06 01:48:34.182,cb5d4ab3dd1fdfeafa333e4de92dc2ef,2248
84e8bad5-e7d6-482d-aecf-8312ee6226a7,36183d17-6307-4435-a900-e350b238cbb1,98,frozen,1,collective,consensus,,medium,audio,f,0.0000,,0.000000,0,300625,timeout,"",2026-07-06 01:56:40.819,5cd9003f06e93620186c4f12c70eafc0,93
81cf6fda-142f-41ee-a12a-1a14486441b0,36183d17-6307-4435-a900-e350b238cbb1,112,frozen,1,collective,consensus,,high,tech,f,0.0000,,0.000000,0,300576,timeout,"",2026-07-06 01:57:41.781,5cd9003f06e93620186c4f12c70eafc0,93
d471728c-2750-44e8-82ab-2b9dd1c8a923,36183d17-6307-4435-a900-e350b238cbb1,98,frozen,2,collective,consensus,,medium,audio,f,0.0000,,0.000000,0,300533,timeout,"",2026-07-06 01:58:53.593,5cd9003f06e93620186c4f12c70eafc0,93
cf01b258-f6aa-43e5-8ca3-b232a6b6a42d,36183d17-6307-4435-a900-e350b238cbb1,14,frozen,1,collective,consensus,,high,tech,f,0.0000,,0.000000,0,300505,timeout,"",2026-07-06 01:59:39.237,5cd9003f06e93620186c4f12c70eafc0,93
c8dac6dd-3d21-4b52-b6c5-2f753ebdfe94,36183d17-6307-4435-a900-e350b238cbb1,57,frozen,1,single-model,single,llama3.2:3b,high,math,t,0.4000,0.4000,0.000250,0,12935,,"",2026-07-06 01:59:58.988,17c81318da14e547b7bd27fcf1749587,202
ce0525ec-3bf6-4789-a4a3-43806547b11f,36183d17-6307-4435-a900-e350b238cbb1,57,frozen,1,single-model,single,qwen3:8b,high,math,t,0.4000,0.4000,0.000250,0,4604,,"",2026-07-06 02:00:09.993,17c81318da14e547b7bd27fcf1749587,202
dc434fc9-c8ba-4460-a0ff-39ae7995d9c5,36183d17-6307-4435-a900-e350b238cbb1,26,frozen,1,collective,consensus,,high,tech,f,0.0000,,0.000000,0,300488,timeout,"",2026-07-06 02:01:37.377,5cd9003f06e93620186c4f12c70eafc0,93
1a7200e3-bb6b-4142-9549-bd14f8abe064,36183d17-6307-4435-a900-e350b238cbb1,112,frozen,2,collective,consensus,,high,tech,f,0.0000,,0.000000,0,300499,timeout,"",2026-07-06 02:01:44.649,5cd9003f06e93620186c4f12c70eafc0,93
bede1e96-ccb2-4f49-8f7b-e3befe08199b,36183d17-6307-4435-a900-e350b238cbb1,57,frozen,1,collective-tier1,consensus,qwen-coder-plus,high,math,t,0.6000,0.6000,0.000606,2450,85130,,deepseek/deepseek-r1-0528:free|deepseek/deepseek-v4-flash|qwen-turbo-2025-04-28|qwen-turbo-latest|qwen-coder-plus,2026-07-06 02:01:51.014,f6e3ada60e9e0affe5df13b5654a2333,4828
592ce902-0959-433a-9c59-5190da9ee332,36183d17-6307-4435-a900-e350b238cbb1,57,frozen,1,collective-tier1,sensitivity-consensus,qwen-turbo,high,math,t,0.5000,0.5000,0.000536,51,10100,,deepseek/deepseek-r1-0528:free|deepseek/deepseek-v4-flash|qwen-turbo-2025-04-28|qwen-turbo|qwen-coder-plus,2026-07-06 02:01:55.274,33fd3e7ed218c0a57428207124f6af61,908
a4c96c66-1d1d-43bf-a212-8339d6084307,36183d17-6307-4435-a900-e350b238cbb1,57,frozen,1,single-model,single,openrouter/auto,high,math,t,0.4000,0.4000,0.000250,0,3321,,"",2026-07-06 02:02:02.477,17c81318da14e547b7bd27fcf1749587,202
4658557c-1b31-4593-9edf-edb0fa1a4bf4,36183d17-6307-4435-a900-e350b238cbb1,62,frozen,1,single-model,single,llama3.2:3b,high,scientific-writing,t,0.0950,0.0950,0.000677,3942,30939,,Qwen/Qwen3-8B,2026-07-06 02:02:39.805,1cfa1a7d42aa473b91e9db5eeecae6c9,10636
a6d39e3f-855b-495b-8418-e7127fd493a6,36183d17-6307-4435-a900-e350b238cbb1,62,frozen,1,single-model,single,qwen3:8b,high,scientific-writing,t,0.9500,0.9500,0.000590,3462,23977,,Qwen/Qwen3-8B,2026-07-06 02:03:10.628,50f0b1e979ce3ae228d7c623758af00d,10127
d87297a5-1fb9-49f1-a309-7790fb2770f3,36183d17-6307-4435-a900-e350b238cbb1,46,frozen,1,collective,consensus,,high,business,f,0.0000,,0.000000,0,300505,timeout,"",2026-07-06 02:03:57.895,5cd9003f06e93620186c4f12c70eafc0,93
45c992eb-ad6a-48b3-a03a-8efba7f6a7dc,36183d17-6307-4435-a900-e350b238cbb1,62,frozen,1,collective-tier1,sensitivity-consensus,qwen-plus-2025-04-28,high,scientific-writing,t,0.0200,0.0200,0.000716,71,11465,,deepseek/deepseek-r1-0528:free|deepseek/deepseek-v4-flash|qwen-turbo-2024-11-01|qwen-plus-2025-04-28|qwen-coder-plus,2026-07-06 02:04:19.623,ff60a470e5e4495d34c8fb63ebe12c46,1041
c5b5297c-ba04-418e-9e90-f13799837e03,36183d17-6307-4435-a900-e350b238cbb1,62,frozen,1,single-model,single,openrouter/auto,high,scientific-writing,t,0.9500,0.9500,0.000801,4631,32647,,openrouter/auto|Qwen/Qwen3-8B,2026-07-06 02:04:58.443,9a0913e873b63f31fa5f4873dd9df221,20461
aa75396d-87c4-4a54-83d1-4deba4bc1a77,36183d17-6307-4435-a900-e350b238cbb1,62,frozen,1,collective-tier1,consensus,qwen-coder-plus,high,scientific-writing,t,0.9500,0.9500,0.000970,3744,63436,,deepseek/deepseek-r1-0528:free|deepseek/deepseek-v4-flash|qwen-turbo-2024-11-01|qwen-plus-2025-04-28|qwen-coder-plus,2026-07-06 02:05:09.152,fae2b6dd9c10c94fe700a9766e771a78,15230
502ae7bd-eb01-4c80-8f03-e6e15ae05dc8,36183d17-6307-4435-a900-e350b238cbb1,62,frozen,1,collective,consensus,gemma-4-31b,high,scientific-writing,t,0.6000,0.6000,0.025067,2633,84307,,kimi-k2-0905-preview|hf:Qwen/Qwen3.5-397B-A17B|gemma-4-31b|codestral-latest|MiniMaxAI/MiniMax-M1-80k,2026-07-06 02:06:50.647,a86eb7a9e62f6bb3b3e55f1fd7695fc7,42378
416ae00e-2e02-4afc-b8f8-f032fa85e334,36183d17-6307-4435-a900-e350b238cbb1,74,frozen,1,single-model,double-diamond,llama3.2:3b,high,creative,t,0.6000,0.6000,0.012570,1488,167753,,codestral-latest|hf:Qwen/Qwen3.5-397B-A17B|MiniMaxAI/MiniMax-M1-80k|Qwen/Qwen2.5-Coder-32B-Instruct|kimi-k2-0905-preview,2026-07-06 02:08:05.257,45427a91efb68cbcfacfcacaf9168d16,6228
23a27634-f492-4d1c-9110-8f9e881766cb,36183d17-6307-4435-a900-e350b238cbb1,57,frozen,1,collective,consensus,gemma-4-31b,high,math,t,0.6000,0.6000,0.019603,2323,92384,,kimi-k2-0905-preview|hf:Qwen/Qwen3.5-397B-A17B|gemma-4-31b|codestral-latest|MiniMaxAI/MiniMax-M1-80k,2026-07-06 02:08:40.178,7d8e1a7e7651c2f976d28b4cf0cc418a,19885
683a0904-ef00-458d-b3b7-f60e7ba83dbb,36183d17-6307-4435-a900-e350b238cbb1,74,frozen,1,single-model,double-diamond,qwen3:8b,high,creative,t,0.0950,0.0950,0.046567,1551,135239,,codestral-latest|hf:Qwen/Qwen3.5-397B-A17B|MiniMaxAI/MiniMax-M1-80k|mistralai/mistral-large-3-675b-instruct-2512|kimi-k2-0905-preview,2026-07-06 02:09:12.852,cba786113f49d14a19306c5c2508c276,6924
bffc2c35-21f3-443e-91fd-4c685478e05f,36183d17-6307-4435-a900-e350b238cbb1,74,frozen,1,collective-tier1,double-diamond,qwen-coder-plus,high,creative,t,0.6000,0.6000,0.008921,3096,96230,,qwen-turbo-2024-11-01|qwen-plus-2025-09-11|qwen-plus-2025-12-01|qwen-coder-plus,2026-07-06 02:09:50.439,5d9ba051d209687394936017759764b3,4952
8f28dcae-c91f-468b-9c57-2e96c03df61c,36183d17-6307-4435-a900-e350b238cbb1,74,frozen,1,collective-tier1,double-diamond,qwen-coder-plus,high,creative,t,0.9000,0.9000,0.006206,3098,77623,,qwen-turbo-2024-11-01|qwen-plus-2025-12-01|qwen-plus-2025-09-11|qwen-coder-plus,2026-07-06 02:10:13.381,1003d92e58f5d2dcc755f12b1fb9dfc9,5217
91a0ed19-ad54-4493-a8d8-94eae396a78a,36183d17-6307-4435-a900-e350b238cbb1,74,frozen,1,single-model,double-diamond,openrouter/auto,high,creative,t,0.9600,0.9600,0.009974,9581,40430,,phala/gpt-oss-120b|meta-llama/Llama-3.1-8B-Instruct|codestral-latest,2026-07-06 02:10:38.525,dcc80b67133b732ec8add2e730945387,9738
0e70a3fb-7901-4520-b7e9-888e3501b768,36183d17-6307-4435-a900-e350b238cbb1,84,frozen,1,single-model,quality_multipass,llama3.2:3b,high,tech,t,0.9500,0.9500,0.005492,3692,21286,,qwen-plus-2025-09-11,2026-07-06 02:10:45.604,86d16e5ac2c7d36b212d823549fda293,6084
ce44f698-cc03-4e22-935d-d2e32510bacc,36183d17-6307-4435-a900-e350b238cbb1,74,frozen,1,collective,double-diamond,phala/gpt-oss-120b,high,creative,t,0.6000,0.6000,0.015801,8845,97158,,phala/gpt-oss-120b|meta-llama/Llama-3.1-8B-Instruct|MiniMaxAI/MiniMax-M1-80k,2026-07-06 02:11:35.871,3b344a46fb8b62e14fb9edefa0ee5817,9948
03522361-fd12-49d1-b9b6-faf2602cf05b,36183d17-6307-4435-a900-e350b238cbb1,84,frozen,1,collective-tier1,quality_multipass,qwen-plus-2025-12-01,high,tech,t,0.6000,0.6000,0.004459,4016,73387,,qwen-plus-2025-12-01|qwen-coder-plus,2026-07-06 02:12:07.48,a33d01920a60bf7a48cfa0f88488b2dc,15315
084fd844-dd83-46eb-8364-e0d34f3273a9,36183d17-6307-4435-a900-e350b238cbb1,84,frozen,1,single-model,quality_multipass,openrouter/auto,high,tech,t,0.6000,0.6000,0.000572,2227,23648,,meta-llama/Llama-3.1-8B-Instruct,2026-07-06 02:12:39.421,c10f5b4efdbd59f609331f65e0a2bd72,11023
77291773-fa9c-4a22-9cc1-9344315e520e,36183d17-6307-4435-a900-e350b238cbb1,84,frozen,1,collective,quality_multipass,meta-llama/Llama-3.1-8B-Instruct,high,tech,t,0.6000,0.6000,0.000931,10029,64635,,meta-llama/Llama-3.1-8B-Instruct,2026-07-06 02:13:52.411,e93827a98557531b9e3bb93084bf006c,65722
9fb230c1-194a-47c1-a2ad-a048a2197b4e,36183d17-6307-4435-a900-e350b238cbb1,123,frozen,1,single-model,single,llama3.2:3b,high,business,t,0.5000,0.5000,0.000154,1002,11379,,Qwen/Qwen3-8B,2026-07-06 02:14:22.625,275501005c1dcc18702c10b3fdf8cc37,382
4b7d9378-483d-4dd3-a086-4d6460878872,36183d17-6307-4435-a900-e350b238cbb1,123,frozen,1,single-model,single,qwen3:8b,high,business,t,1.0000,1.0000,0.000192,1218,19222,,Qwen/Qwen3-8B,2026-07-06 02:14:48.824,01f9df23921d29ba72bddd228355826a,1320
033dceaa-7163-4086-893d-1a8d4748f223,36183d17-6307-4435-a900-e350b238cbb1,123,frozen,1,collective-tier1,consensus,qwen-plus-2025-09-11,high,business,t,1.0000,1.0000,0.001846,792,8021,,qwen-plus-2025-09-11|qwen-turbo-2024-11-01|qwen-coder-plus|qwen-plus-2025-12-01|qwen-plus-character,2026-07-06 02:15:04.843,a00af62ddf9a3d281bb49e012ff9cf26,1313
a262dabd-37a2-4821-b28d-dc700eaea269,36183d17-6307-4435-a900-e350b238cbb1,84,frozen,1,single-model,quality_multipass,qwen3:8b,high,tech,t,0.6000,0.6000,0.000769,7293,254726,,meta-llama/Llama-3.1-8B-Instruct,2026-07-06 02:15:19.8,de6cf25fdd85fc6284f103c4a5a2819c,47798
87fd1948-de60-46d4-a0f5-eadcfe1bc979,36183d17-6307-4435-a900-e350b238cbb1,123,frozen,1,collective-tier1,sensitivity-consensus,qwen-plus-2025-09-11,high,business,t,1.0000,1.0000,0.001990,201,10591,,qwen-plus-2025-09-11|qwen-coder-plus|qwen-plus-2025-12-01|qwen-plus-character|qwen-plus-latest,2026-07-06 02:15:28.119,8dbc2c7baf9c68411eb2904317c9c864,1476
518453b9-4bf1-4495-8fba-49c2e433c9eb,36183d17-6307-4435-a900-e350b238cbb1,123,frozen,1,collective,consensus,codestral-latest,high,business,t,1.0000,1.0000,0.000407,736,8494,,kimi-k2-0905-preview|hf:Qwen/Qwen3.5-397B-A17B|accounts/fireworks/models/deepseek-v4-pro|codestral-latest|Qwen/Qwen3-8B,2026-07-06 02:15:49.106,abdf39693c1f151d2db95e1a745f0a19,1173
ff4b2456-71a1-4b78-8c4d-bd7b52a1e6a8,36183d17-6307-4435-a900-e350b238cbb1,123,frozen,1,single-model,single,openrouter/auto,high,business,t,1.0000,1.0000,0.000154,1001,22313,,openrouter/auto|Qwen/Qwen3-8B,2026-07-06 02:15:49.172,13971ed3e1a56909de480bdc4205a8e5,703
aaaa9de3-1902-452f-886b-92eb877af006,36183d17-6307-4435-a900-e350b238cbb1,1,frozen,1,single-model,single,llama3.2:3b,medium,tech,t,0.9000,0.9000,0.001088,6164,48048,,Qwen/Qwen3-8B,2026-07-06 02:16:47.929,0fe00b9972804d5ccf705ed974c059e4,2172
db84c796-eb04-4118-a653-4a48c7942c4a,36183d17-6307-4435-a900-e350b238cbb1,1,frozen,1,single-model,single,qwen3:8b,medium,tech,t,0.7000,0.7000,0.001781,10015,71137,,Qwen/Qwen3-8B,2026-07-06 02:17:19.105,443e149edc67dec93af2d3a89cf34aba,2152
c856262d-b8f5-4be5-8f51-a638ee3bc2a6,36183d17-6307-4435-a900-e350b238cbb1,1,frozen,1,collective-tier1,consensus,qwen-plus-2025-09-11,medium,tech,t,0.9000,0.9000,0.005236,1341,24895,,qwen-plus-2025-09-11|qwen-plus-latest|qwen-plus-2025-12-01|qwen-plus-2025-01-25|qwen-coder-plus,2026-07-06 02:17:24.223,65f38e84788bbb8e1331e2b52a8e3a7e,20959
7dfaead9-230a-4663-ad15-91e4099e157f,36183d17-6307-4435-a900-e350b238cbb1,1,frozen,1,collective-tier1,sensitivity-consensus,qwen-plus-2025-09-11,medium,tech,t,0.0300,0.0300,0.001300,62,11006,,qwen-plus-2025-09-11|qwen-plus-2025-12-01|qwen-plus-latest|qwen-plus-2025-01-25|qwen-coder-plus,2026-07-06 02:17:43.406,c56d0b6394469f00bb31c9448a29e4ab,990
ab2948ab-8283-413b-95d6-306a67acd306,36183d17-6307-4435-a900-e350b238cbb1,1,frozen,1,single-model,single,openrouter/auto,medium,tech,t,0.7000,0.7000,0.000912,5186,37858,,openrouter/auto|Qwen/Qwen3-8B,2026-07-06 02:18:13.613,72d3933c9959a201481a4d905b85e6b5,2090
e41c06eb-fd36-4e03-871d-7f0819944925,36183d17-6307-4435-a900-e350b238cbb1,1,frozen,1,collective,consensus,gemma-4-31b,medium,tech,t,0.1000,0.1000,0.012298,2086,40453,,kimi-k2-0905-preview|hf:Qwen/Qwen3.5-397B-A17B|gemma-4-31b|codestral-latest|Qwen/Qwen3-8B,2026-07-06 02:18:30.421,4f219e16e3665de50aec35642ddb4316,12345
ab995fc7-9402-4c68-896c-8a702db994a1,36183d17-6307-4435-a900-e350b238cbb1,16,frozen,1,single-model,single,qwen3:8b,medium,tech,t,0.8800,0.8800,0.000540,3256,25755,,Qwen/Qwen3-8B,2026-07-06 02:19:02.997,f1402ea73e33bd21b479eab0fd8952e8,4534
25218d70-4ef4-4509-a77c-56727b298754,36183d17-6307-4435-a900-e350b238cbb1,16,frozen,1,single-model,single,llama3.2:3b,medium,tech,t,0.6500,0.6500,0.001120,6480,45548,,Qwen/Qwen3-8B,2026-07-06 02:19:08.442,01a43bd39a722ff6e152ec0d9c91f0e8,4339
afd0016b-e34f-4e3a-84d6-046cb8cdd97c,36183d17-6307-4435-a900-e350b238cbb1,84,frozen,1,collective-tier1,quality_multipass,qwen-plus-2025-12-01,high,tech,t,0.6000,0.6000,0.023948,8287,271895,,qwen-plus-2025-12-01|qwen-coder-plus,2026-07-06 02:19:13.242,7d1254e2fff8a86bda189d117048ffcf,17213
7aa230eb-c50e-4713-9d2f-5255d246f568,36183d17-6307-4435-a900-e350b238cbb1,16,frozen,1,collective-tier1,sensitivity-consensus,qwen-plus-2025-09-11,medium,tech,t,0.7600,0.7600,0.001035,75,11926,,deepseek/deepseek-r1-0528:free|deepseek/deepseek-v4-flash|qwen-plus-2025-09-11|qwen-coder-plus|qwen-plus-2025-12-01,2026-07-06 02:19:26.708,d2a111a2164c85cba78d2a16c41337da,1146
aeb252fd-f785-4314-a33b-91ea9b302c39,36183d17-6307-4435-a900-e350b238cbb1,16,frozen,1,single-model,single,openrouter/auto,medium,tech,t,0.0450,0.0450,0.000752,4436,29913,,openrouter/auto|Qwen/Qwen3-8B,2026-07-06 02:19:50.101,b186a3f7837c5367454463c9a1dac3f2,3897
fe3545a1-81b1-430f-94ed-0f9595ebffc0,36183d17-6307-4435-a900-e350b238cbb1,16,frozen,1,collective-tier1,consensus,qwen-plus-2025-09-11,medium,tech,t,0.9200,0.9200,0.004584,2353,37127,,deepseek/deepseek-r1-0528:free|deepseek/deepseek-v4-flash|qwen-plus-2025-09-11|qwen-coder-plus|qwen-plus-2025-12-01,2026-07-06 02:19:51.995,a1304d5a938a3e29eae34a0b0ab5ef29,19779
e58b9ff6-ec10-45c9-b2c1-3abb8da7b4ab,36183d17-6307-4435-a900-e350b238cbb1,16,frozen,1,collective,consensus,gemma-4-31b,medium,tech,t,0.9000,0.9000,0.017005,2338,32427,,kimi-k2-0905-preview|hf:Qwen/Qwen3.5-397B-A17B|gemma-4-31b|codestral-latest|MiniMaxAI/MiniMax-M1-80k,2026-07-06 02:20:05.861,bdaeeb07a7258892099ba2f199e56d53,19044
f637447b-bd69-4047-a212-c9347163527d,36183d17-6307-4435-a900-e350b238cbb1,28,frozen,1,single-model,single,llama3.2:3b,medium,tech,t,0.0500,0.0500,0.001102,6251,47644,,Qwen/Qwen3-8B,2026-07-06 02:20:57.874,ec777cc54db4b2fdebfc1d35f470af13,1722
183e7973-bc4d-4ff9-8ba7-5094b219a09f,36183d17-6307-4435-a900-e350b238cbb1,28,frozen,1,single-model,single,qwen3:8b,medium,tech,t,0.0400,0.0400,0.001236,6995,53103,,Qwen/Qwen3-8B,2026-07-06 02:21:12.549,a9003fead2c5455df42988b8eac50214,1666
0561f8a8-5d06-4424-a765-2cfcabfa86cb,36183d17-6307-4435-a900-e350b238cbb1,28,frozen,1,collective-tier1,sensitivity-consensus,qwen-plus,medium,tech,t,0.0000,0.0000,0.000838,95,9334,,deepseek/deepseek-r1-0528:free|deepseek/deepseek-v4-flash|qwen-plus|qwen-plus-2025-04-28|qwen-coder-plus,2026-07-06 02:21:35.776,2a66f079c5acd21ee05a31d30ccf9dc0,1198
685e985f-011c-4344-a522-4781fd05e0a6,36183d17-6307-4435-a900-e350b238cbb1,28,frozen,1,collective-tier1,consensus,qwen-plus-2025-09-11,medium,tech,t,0.8500,0.8500,0.004807,2700,33903,,deepseek/deepseek-r1-0528:free|deepseek/deepseek-v4-flash|qwen-plus-2025-09-11|qwen-coder-plus|qwen-plus-2025-12-01,2026-07-06 02:22:31.265,51eb9b3cc7307357f09f29f450c65c59,22736
89dc8a7d-2ab3-4fd8-be90-6378aa34bfbd,36183d17-6307-4435-a900-e350b238cbb1,28,frozen,1,collective,consensus,codestral-latest,medium,tech,t,0.7500,0.7500,0.007476,1478,48233,,kimi-k2-0905-preview|hf:Qwen/Qwen3.5-397B-A17B|google/gemini-3.1-flash-lite|codestral-latest|MiniMaxAI/MiniMax-M1-80k,2026-07-06 02:22:57.266,7293624e918f7305c73aed6cb2814046,17951
e5a1701b-a538-4410-84d5-4e96724ed36e,36183d17-6307-4435-a900-e350b238cbb1,34,frozen,1,single-model,single,llama3.2:3b,medium,tech,t,0.0000,0.0000,0.000105,933,13914,,Qwen/Qwen2.5-Coder-32B-Instruct,2026-07-06 02:23:04.69,bc7015cc5c2135d7fe7881c51fe9809d,2097
13bac497-29c0-4205-9e16-7270ed600080,36183d17-6307-4435-a900-e350b238cbb1,34,frozen,1,single-model,single,qwen3:8b,medium,tech,t,0.0700,0.0700,0.000136,1286,13396,,Qwen/Qwen2.5-Coder-32B-Instruct,2026-07-06 02:23:35.533,45a39a331a27ce24d09e54723dab8c6f,2373
a4ed32d7-e5bc-42d6-bc69-87b0ac3f3de0,36183d17-6307-4435-a900-e350b238cbb1,34,frozen,1,collective-tier1,consensus,qwen-plus-2025-04-28,medium,tech,t,0.9500,0.9500,0.002119,1036,17710,,deepseek/deepseek-r1-0528:free|deepseek/deepseek-v4-flash|qwen-plus-2025-04-28|qwen-coder-plus|qwen-plus,2026-07-06 02:24:01.636,8a37b207b0bdaca4bb4e13fa441cb65b,9290
38770b47-3037-4c38-914f-f7540180060b,36183d17-6307-4435-a900-e350b238cbb1,34,frozen,1,collective-tier1,sensitivity-consensus,qwen-plus-2025-04-28,medium,tech,t,0.0200,0.0200,0.001121,60,7601,,deepseek/deepseek-r1-0528:free|deepseek/deepseek-v4-flash|qwen-plus-2025-04-28|qwen-coder-plus|qwen-plus,2026-07-06 02:24:02.065,fe4fd647ec8ec1a250cedcf1102c5aa6,971
38add4ac-959a-4d20-ad64-5cc6aae2bd81,36183d17-6307-4435-a900-e350b238cbb1,28,frozen,1,single-model,single,openrouter/auto,medium,tech,t,0.1000,0.1000,0.000585,3352,30884,,openrouter/auto|deepseek-ai/DeepSeek-V4-Flash,2026-07-06 02:24:08.037,04a70506c818bfa9939910f129cc9e56,6726
2df1e4f7-846a-4121-b032-d8b03231bd87,36183d17-6307-4435-a900-e350b238cbb1,34,frozen,1,collective,consensus,meta-llama/Llama-3.1-8B-Instruct,medium,tech,t,0.6500,0.6500,0.000369,729,6921,,kimi-k2-0905-preview|hf:Qwen/Qwen3.5-397B-A17B|google/gemini-3.1-flash-lite|meta-llama/Llama-3.1-8B-Instruct|codestral-latest,2026-07-06 02:24:48.903,61332141a43021e14c3d7d7fb992531c,3827
657e1e29-5630-4860-8d8b-1459ca40351f,36183d17-6307-4435-a900-e350b238cbb1,34,frozen,1,single-model,single,openrouter/auto,medium,tech,t,0.6500,0.6500,0.000108,1026,18584,,openrouter/auto|Qwen/Qwen2.5-Coder-32B-Instruct,2026-07-06 02:24:50.413,65e73feaed2b5e211a9e01ac42304e32,2107
444247b4-8055-4955-9524-e5febf470d95,36183d17-6307-4435-a900-e350b238cbb1,48,frozen,1,single-model,single,llama3.2:3b,medium,social-media,t,1.0000,1.0000,0.000253,1865,17073,,Qwen/Qwen2.5-Coder-32B-Instruct,2026-07-06 02:25:11.171,36d43f7c8f06dfd683c8cc6c714cb924,5250
92aff539-54ab-402d-97f0-a3ce42f78f24,36183d17-6307-4435-a900-e350b238cbb1,48,frozen,1,collective-tier1,consensus,qwen-coder-plus,medium,social-media,t,0.0910,0.0910,0.002579,1057,23948,,deepseek/deepseek-r1-0528:free|deepseek/deepseek-v4-flash|qwen-coder-plus|qwen-plus-2025-04-28|qwen-plus,2026-07-06 02:26:06.975,56164af93791d0490c9505235ae7df51,11143
8312cb13-3521-47f5-a47a-c96ef2bb5f09,36183d17-6307-4435-a900-e350b238cbb1,48,frozen,1,collective-tier1,sensitivity-consensus,qwen-plus,medium,social-media,t,0.0000,0.0000,0.002555,98,46355,,deepseek/deepseek-r1-0528:free|deepseek/deepseek-v4-flash|qwen-plus|qwen-plus-2025-04-28|qwen-coder-plus,2026-07-06 02:26:16.917,b91234cff69e7eb6c33934b0a017a4ee,1508
8defeaac-c1a2-43b4-8798-e32849e38f79,36183d17-6307-4435-a900-e350b238cbb1,48,frozen,1,single-model,single,qwen3:8b,medium,social-media,t,0.6000,0.6000,0.000206,1705,16153,,Qwen/Qwen2.5-Coder-32B-Instruct,2026-07-06 02:29:07.193,34d69d9b829d82e17e6c07112b4e1947,3873
f6fda976-6711-4e60-9815-3faec9e98af3,36183d17-6307-4435-a900-e350b238cbb1,48,frozen,1,single-model,single,openrouter/auto,medium,social-media,t,0.6000,0.6000,0.000220,1704,15747,,openrouter/auto|Qwen/Qwen2.5-Coder-32B-Instruct,2026-07-06 02:30:24.859,14c6aba06551d774bf016bebd6d46638,4477
db2aa50c-59ea-4561-a274-6b9ae3f64f12,36183d17-6307-4435-a900-e350b238cbb1,48,frozen,1,collective,consensus,google/gemma-4-31B-it,medium,social-media,t,0.6000,0.6000,0.000850,1335,6731,,kimi-k2-0905-preview|hf:Qwen/Qwen3.5-397B-A17B|google/gemini-3.1-flash-lite|google/gemma-4-31B-it|codestral-latest,2026-07-06 02:30:26.121,7aa838fe5e6f5d7c8b42913cd43b346c,6825
7ec2e799-e440-418c-b598-62a6dbfaeb74,36183d17-6307-4435-a900-e350b238cbb1,68,frozen,1,single-model,debate,llama3.2:3b,medium,tech,t,0.3500,0.3500,0.550750,1302,42900,,deepseek-v4-pro|kimi-k2-0905-preview,2026-07-06 02:30:35.664,df9f5a4ccd4ca51f3adbde232d95e5b6,2299
4a0f462b-fc44-41a0-9252-17a83903d68c,36183d17-6307-4435-a900-e350b238cbb1,68,frozen,1,single-model,debate,qwen3:8b,medium,tech,t,0.0200,0.0200,0.550750,1302,46923,,deepseek-v4-pro|kimi-k2-0905-preview,2026-07-06 02:31:39.931,0bd70b134bc3cc8bf9b5406b555b8855,2487
da01bc59-5604-4054-abea-5c0b0abfb289,36183d17-6307-4435-a900-e350b238cbb1,68,frozen,1,collective-tier1,debate,qwen-coder-plus,medium,tech,t,0.0300,0.0300,0.002201,895,51694,,qwen-coder-plus|qwen-plus|deepseek-v4-pro,2026-07-06 02:32:13.021,7ebcd8524670a95dd6ff76cdfea0f2b4,3286
7febfb46-967a-4c6e-95b5-900867839874,36183d17-6307-4435-a900-e350b238cbb1,68,frozen,1,collective-tier1,debate,qwen-coder-plus,medium,tech,t,0.8500,0.8500,0.005540,4551,69620,,qwen-plus|qwen-plus-2025-04-28|qwen-coder-plus,2026-07-06 02:32:14.699,fe8ef30a03dc5752c331fbd362a7e891,5478
edfa0141-afa7-4855-991a-c11c3dd24e0c,36183d17-6307-4435-a900-e350b238cbb1,68,frozen,1,single-model,debate,openrouter/auto,medium,tech,t,0.0400,0.0400,0.550750,1302,45500,,deepseek-v4-pro|kimi-k2-0905-preview,2026-07-06 02:32:50.975,940826566af3cf17f0628a6cc07e3181,3279
26e2d8d4-0fd7-45be-b0d6-5f558718241a,36183d17-6307-4435-a900-e350b238cbb1,68,frozen,1,collective,debate,deepseek-ai/DeepSeek-V4-Flash,medium,tech,t,0.9500,0.9500,0.000518,2988,76785,,kimi-k2-0905-preview|deepseek-ai/DeepSeek-V4-Flash,2026-07-06 02:33:56.709,658ceeb49f9573ff398fd1404bd26be3,5138
dd39f6d8-b1bb-4c71-b79d-5ffdf5234550,36183d17-6307-4435-a900-e350b238cbb1,76,frozen,1,single-model,stigmergic-refinement,qwen3:8b,medium,tech,t,0.0000,0.0000,2.104875,1342,66433,,codestral-latest|deepseek-v4-pro|hf:Qwen/Qwen3.5-397B-A17B|kimi-k2-0905-preview,2026-07-06 02:34:12.467,2d5771f2155b744712b3f4cf6e35ed2e,2844
190f2534-3518-4041-82de-075df0d87d30,36183d17-6307-4435-a900-e350b238cbb1,76,frozen,1,single-model,stigmergic-refinement,llama3.2:3b,medium,tech,t,1.0000,1.0000,3.254939,2282,97522,,codestral-latest|deepseek-v4-pro|hf:Qwen/Qwen3.5-397B-A17B|kimi-k2-0905-preview,2026-07-06 02:34:15.958,e33ef5e2b4e28234aa347379d3290b4a,6913
cc2ae775-7d8e-4c8c-8c99-67c491a31718,36183d17-6307-4435-a900-e350b238cbb1,76,frozen,1,collective-tier1,stigmergic-refinement,qwen-plus-2025-04-28,medium,tech,t,0.0600,0.0600,0.007028,1868,117757,,qwen-plus-2025-04-28|qwen-plus|qwen-coder-plus|deepseek-v4-pro,2026-07-06 02:36:24.722,413212c8fa43a4392f195043c6f0ed98,5730
9c92b571-27ec-4f5b-8692-16984708e37d,36183d17-6307-4435-a900-e350b238cbb1,76,frozen,1,single-model,stigmergic-refinement,openrouter/auto,medium,tech,t,0.9825,0.9825,0.009390,7298,75056,,Qwen/Qwen3.6-35B-A3B|codestral-latest|hf:Qwen/Qwen3.5-397B-A17B|kimi-k2-0905-preview,2026-07-06 02:46:48.807,f783e19d2c303c1bc22dd7e8e35f1900,9888
5a372e5c-09dd-4956-9c47-91da75331ede,36183d17-6307-4435-a900-e350b238cbb1,76,frozen,1,collective,stigmergic-refinement,openai/gpt-oss-20b,medium,tech,t,0.0200,0.0200,0.001740,2559,15842,,openai/gpt-oss-20b|codestral-latest|hf:Qwen/Qwen3.5-397B-A17B|kimi-k2-0905-preview,2026-07-06 02:47:37.477,ab3b4c9243c3cd29bee5f6a37de2c054,5596
9685f3cd-4a25-48ca-b961-6e3867566469,36183d17-6307-4435-a900-e350b238cbb1,89,frozen,1,single-model,consensus,qwen3:8b,medium,tech,t,0.0000,0.0000,0.008825,3189,97831,,kimi-k2-0905-preview|hf:Qwen/Qwen3.5-397B-A17B|openai/gpt-oss-20b|codestral-latest|meta-llama/Llama-3.3-70B-Instruct|phala/qwen3.5-397b-a17b,2026-07-06 02:48:41.309,1e85185f7e5e4feb051fa26beabf34c4,1621
b31dc890-9e9c-45aa-92e3-76e4d0b2c4b0,36183d17-6307-4435-a900-e350b238cbb1,89,frozen,1,collective-tier1,consensus,phala/qwen3.5-397b-a17b,medium,tech,t,0.0000,0.0000,0.010910,3202,67860,,deepseek/deepseek-r1-0528:free|deepseek/deepseek-v4-flash|qwen-coder-plus|qwen-plus-2025-04-28|qwen-plus|phala/qwen3.5-397b-a17b,2026-07-06 02:49:01.394,23d1625a7877955eff44346d80abffff,1304
fadb8ed1-ab98-42eb-871b-36107733e6a0,36183d17-6307-4435-a900-e350b238cbb1,76,frozen,1,collective-tier1,stigmergic-refinement,qwen-coder-plus,medium,tech,t,0.0900,0.0900,0.016862,10474,267383,,qwen-plus-2025-12-01|qwen-plus-2025-04-28|qwen-plus|qwen-coder-plus,2026-07-06 02:49:29.192,94f586c862c003c56a258d6fd19a043d,14687
2415dbbf-0422-4cfc-aa11-b53576c9a69d,36183d17-6307-4435-a900-e350b238cbb1,89,frozen,1,single-model,consensus,openrouter/auto,medium,tech,t,0.0300,0.0300,0.020622,3208,45019,,kimi-k2-0905-preview|hf:Qwen/Qwen3.5-397B-A17B|groq/compound-mini|codestral-latest|meta-llama/Llama-3.3-70B-Instruct|phala/qwen3.5-397b-a17b,2026-07-06 02:50:22.338,dda06380498a4e09453374f8fb7c33d2,2901
26b3b92d-ff40-45cb-8774-f6179d896699,36183d17-6307-4435-a900-e350b238cbb1,89,frozen,1,collective-tier1,consensus,phala/qwen3.5-397b-a17b,medium,tech,t,0.0000,0.0000,0.015528,5112,69793,,qwen-coder-plus|qwen-plus-2025-09-11|qwen-plus-2025-04-28|qwen-plus-2025-12-01|qwen-plus|phala/qwen3.5-397b-a17b,2026-07-06 02:50:34.279,ee54c210aab3f7630eb89d085d5d74e6,6688
79220ab1-b297-46fa-9822-ca44e0445f4a,36183d17-6307-4435-a900-e350b238cbb1,117,frozen,1,single-model,single,qwen3:8b,medium,tech,t,1.0000,1.0000,0.000107,853,14466,,Qwen/Qwen2.5-Coder-32B-Instruct,2026-07-06 02:50:50.119,8784297413d6b67bb437507caae028f3,1350
4ad8533f-cc10-423b-9ab9-d6a1dc8c7cbd,36183d17-6307-4435-a900-e350b238cbb1,89,frozen,1,collective,consensus,meta-llama/Llama-3.3-70B-Instruct,medium,tech,t,0.1000,0.1000,0.021392,1126,43549,,kimi-k2-0905-preview|hf:Qwen/Qwen3.5-397B-A17B|meta-llama/Llama-3.3-70B-Instruct|codestral-latest|groq/compound-mini|phala/qwen3.5-397b-a17b,2026-07-06 02:50:53.422,1867d2b75d49e3f7f85033563d2fa467,4361
75e354ee-eaae-4076-908c-e767d4d38f26,36183d17-6307-4435-a900-e350b238cbb1,117,frozen,1,collective-tier1,consensus,qwen-plus-2025-09-11,medium,tech,t,1.0000,1.0000,0.002846,903,12563,,qwen-plus-2025-09-11|qwen-plus-2025-04-28|qwen-coder-plus|qwen-plus|qwen-plus-2025-12-01,2026-07-06 02:50:58.32,555426d032e46e6892994ff8531ce591,1438
026c9b38-8ad0-43ea-98e3-23d17fd1cdcc,36183d17-6307-4435-a900-e350b238cbb1,117,frozen,1,single-model,single,openrouter/auto,medium,tech,t,1.0000,1.0000,0.000107,825,9990,,openrouter/auto|Qwen/Qwen2.5-Coder-32B-Instruct,2026-07-06 02:51:11.948,92c99dfe0b6d5b8782ae2af88dca9147,1636
58153dba-6e4a-4ad3-b655-85b57e4391b8,36183d17-6307-4435-a900-e350b238cbb1,117,frozen,1,collective,consensus,meta-llama/Llama-3.3-70B-Instruct,medium,tech,t,1.0000,1.0000,0.005501,539,4343,,kimi-k2-0905-preview|hf:Qwen/Qwen3.5-397B-A17B|meta-llama/Llama-3.3-70B-Instruct|groq/compound-mini|codestral-latest,2026-07-06 02:51:23.764,c4caad6440a5498af62c94db784576d8,868
0a11030a-c183-4dc4-8880-3bd8cb769410,36183d17-6307-4435-a900-e350b238cbb1,117,frozen,1,collective-tier1,sensitivity-consensus,qwen-plus-2025-09-11,medium,tech,t,0.3300,0.3300,0.002381,149,12856,,qwen-plus-2025-09-11|qwen-coder-plus|qwen-plus-2025-04-28|qwen-plus-2025-12-01|qwen-plus,2026-07-06 02:51:35.942,a45d717e6b004199bd0176e8a4581fcf,1397
743c86f3-ad88-45af-a6d7-e02f11829f06,36183d17-6307-4435-a900-e350b238cbb1,118,frozen,1,collective-tier1,sensitivity-consensus,sensitivity-consensus,medium,business,t,0.0000,0.0000,0.000135,15,1436,,"",2026-07-06 02:51:49.607,85e8407a89022d2ca16a3f1adbec3a39,252
564599bb-7d35-4530-914f-591d55c438c8,36183d17-6307-4435-a900-e350b238cbb1,118,frozen,1,collective-tier1,consensus,qwen-plus-2025-04-28,medium,business,t,1.0000,1.0000,0.002525,995,12175,,deepseek-v4-pro|qwen-plus-2025-04-28|qwen-plus|qwen-coder-plus|qwen-plus-2025-12-01,2026-07-06 02:51:57.903,4f5f01c81aa42a817ce1529f2bf6a7b1,1718
1d5bd805-4c1e-4200-a718-0164d39461ee,36183d17-6307-4435-a900-e350b238cbb1,118,frozen,1,single-model,single,qwen3:8b,medium,business,t,1.0000,1.0000,0.000591,1513,32529,,moonshotai/Kimi-Dev-72B|qwen3-235b-a22b-instruct-2507,2026-07-06 02:52:02.329,6cca395de11c0a56fc4a8b3960f755b5,2021
56c38f89-8616-42db-9013-bd657290ae2b,36183d17-6307-4435-a900-e350b238cbb1,118,frozen,1,collective,consensus,meta-llama/Llama-3.3-70B-Instruct,medium,business,t,1.0000,1.0000,0.010278,1042,5415,,kimi-k2-0905-preview|hf:Qwen/Qwen3.5-397B-A17B|meta-llama/Llama-3.3-70B-Instruct|groq/compound-mini|codestral-latest,2026-07-06 02:52:34.916,3f63581bb00b339efb8954c47dded720,2171
f14f85c1-aab7-4fdd-a1d4-ce5890978701,36183d17-6307-4435-a900-e350b238cbb1,118,frozen,1,single-model,single,openrouter/auto,medium,business,t,1.0000,1.0000,0.000551,1486,31657,,openrouter/auto|moonshotai/Kimi-Dev-72B|qwen3-235b-a22b-instruct-2507,2026-07-06 02:52:35.471,fa32419d39fd859a80f5dcdb8f3f8858,1813
93818fd7-e966-4bb6-b25f-bd005ec90d54,36183d17-6307-4435-a900-e350b238cbb1,121,frozen,1,collective-tier1,consensus,qwen-plus-2025-09-11,medium,tech,t,1.0000,1.0000,0.002693,927,10139,,qwen-plus-2025-09-11|qwen-plus-2025-04-28|qwen-plus|qwen-coder-plus|qwen-plus-2025-12-01,2026-07-06 02:53:08.057,6a230da86c3cc01a14d4c2aa5667c154,2180
c5438edf-492f-4567-9a66-e09b34388d27,36183d17-6307-4435-a900-e350b238cbb1,121,frozen,1,collective-tier1,sensitivity-consensus,qwen-plus-2025-09-11,medium,tech,t,0.0000,0.0000,0.001609,293,9111,,qwen-plus-2025-09-11|qwen-plus|qwen-plus-2025-04-28|qwen-plus-2025-12-01|qwen-coder-plus,2026-07-06 02:53:12.775,d785697cbbe414394454b1d840ebf94f,1957
d42f6e4d-f682-40d6-a80f-2467f742e5e1,36183d17-6307-4435-a900-e350b238cbb1,121,frozen,1,collective,consensus,meta-llama/Llama-3.3-70B-Instruct,medium,tech,t,1.0000,1.0000,0.008254,699,4356,,kimi-k2-0905-preview|hf:Qwen/Qwen3.5-397B-A17B|meta-llama/Llama-3.3-70B-Instruct|codestral-latest|groq/compound-mini,2026-07-06 02:53:26.656,e947c14828b860c537bb668f3aa4df19,1425
cdc510a3-f747-4dad-a429-69e83fb4b132,36183d17-6307-4435-a900-e350b238cbb1,125,frozen,1,single-model,single,qwen3:8b,medium,science,t,1.0000,1.0000,0.000223,1547,15772,,Qwen/Qwen2.5-Coder-32B-Instruct,2026-07-06 02:53:59.309,2f7ff234aac3af1d6c58f7bc8a2828e7,2059
9765751f-bea6-47c3-a1be-ca1d1ec81683,36183d17-6307-4435-a900-e350b238cbb1,121,frozen,1,single-model,single,qwen3:8b,medium,tech,t,1.0000,1.0000,0.000691,1683,106110,,moonshotai/Kimi-Dev-72B|Qwen/QwQ-32B-Preview,2026-07-06 02:54:09.314,51d279a8cc893ff9ac756b3d3a580651,4049
479f8441-9951-44e2-827b-5a4857179416,36183d17-6307-4435-a900-e350b238cbb1,125,frozen,1,collective-tier1,sensitivity-consensus,qwen-plus-2025-09-11,medium,science,t,0.7500,0.7500,0.002174,207,9240,,qwen-plus-2025-09-11|qwen-plus-2025-04-28|qwen-plus-2025-07-14|qwen-coder-plus|qwen-plus-2025-12-01,2026-07-06 02:54:29.073,8876efe57aeefe8233569e21ffc244ec,1544
536ea5d7-05d0-463c-a8b9-5c01d83ceca7,36183d17-6307-4435-a900-e350b238cbb1,125,frozen,1,collective-tier1,consensus,qwen-plus-2025-09-11,medium,science,t,0.6000,0.6000,0.002389,821,8411,,qwen-plus-2025-09-11|qwen-plus-2025-04-28|qwen-plus-2025-12-01|qwen-plus|qwen-coder-plus,2026-07-06 02:54:29.701,2479fd7e6db7753c2ed473fee04c0a5b,1575
ab7b9237-644b-4629-823d-88605392f91e,36183d17-6307-4435-a900-e350b238cbb1,121,frozen,1,single-model,single,openrouter/auto,medium,tech,t,1.0000,1.0000,0.001337,2699,69365,,openrouter/auto|moonshotai/Kimi-Dev-72B|Qwen/QwQ-32B-Preview,2026-07-06 02:54:39.358,079f4b5041a24f19ac4efae788432078,8698
a6f88af2-ae28-4315-8183-ec46718d00ae,36183d17-6307-4435-a900-e350b238cbb1,125,frozen,1,collective,consensus,meta-llama/Llama-3.3-70B-Instruct,medium,science,t,0.6000,0.6000,0.000620,761,5590,,kimi-k2-0905-preview|hf:Qwen/Qwen3.5-397B-A17B|openai/gpt-5.4-mini|meta-llama/Llama-3.3-70B-Instruct|codestral-latest,2026-07-06 02:54:40.57,1ce4d3c6ec9e1cc8a8b2f716da34babb,1676
812048de-0924-4634-90b7-7cee77ed3ef2,36183d17-6307-4435-a900-e350b238cbb1,125,frozen,1,single-model,single,openrouter/auto,medium,science,t,0.6000,0.6000,0.000153,1059,12256,,openrouter/auto|Qwen/Qwen2.5-Coder-32B-Instruct,2026-07-06 02:54:46.689,f0f71f7f2ff47db353107a81d126e415,1361
57a58bae-c13a-487a-aad4-2795d2234236,36183d17-6307-4435-a900-e350b238cbb1,0,frozen,1,collective-tier1,sensitivity-consensus,qwen-plus-2025-09-11,low,tech,t,0.9600,0.9600,0.001874,128,7852,,qwen-plus-2025-09-11|qwen-coder-plus|qwen-plus-2025-04-28|qwen-plus-2025-07-14|qwen-plus-2025-12-01,2026-07-06 02:55:00.118,1782e6e2dcd0479e48190028ff02ba6f,1312
7d768f3a-a17d-47d7-b18d-a1bbfe47b495,36183d17-6307-4435-a900-e350b238cbb1,0,frozen,1,single-model,single,qwen3:8b,low,tech,t,1.0000,1.0000,0.000148,1297,15422,,Qwen/Qwen2.5-Coder-32B-Instruct,2026-07-06 02:55:02.705,ab4739837e7b74326fa9e8ab64064f2a,2143
dd948a49-4bb9-4f95-aab4-7de829daf8d8,36183d17-6307-4435-a900-e350b238cbb1,0,frozen,1,single-model,single,openrouter/auto,low,tech,t,0.1000,0.1000,0.000137,1112,11232,,openrouter/auto|Qwen/Qwen2.5-Coder-32B-Instruct,2026-07-06 02:55:30.747,6c0260900be94fbe7add52aea8224a53,2311
2776fb3b-92ce-4643-86e6-61526944a1f5,36183d17-6307-4435-a900-e350b238cbb1,6,frozen,1,single-model,single,qwen3:8b,low,tech,t,0.6000,0.6000,0.000143,1118,11331,,Qwen/Qwen2.5-Coder-32B-Instruct,2026-07-06 02:55:47.536,b9b447cd08befe43db30bab57c69e651,1732
01104450-9160-4148-bc75-c87c6bad3210,36183d17-6307-4435-a900-e350b238cbb1,0,frozen,1,collective,consensus,phala/qwen3.5-397b-a17b,low,tech,t,0.0900,0.0900,0.008306,3154,42739,,kimi-k2-0905-preview|hf:Qwen/Qwen3.5-397B-A17B|openai/gpt-5.4-mini|meta-llama/Llama-3.3-70B-Instruct|codestral-latest|phala/qwen3.5-397b-a17b,2026-07-06 02:55:50.206,1a403cc4a3ef12966a5f9c9ff3f24be3,2241
e019647a-3496-408d-921b-36607d2fcae1,36183d17-6307-4435-a900-e350b238cbb1,0,frozen,1,collective-tier1,consensus,phala/qwen3.5-397b-a17b,low,tech,t,0.1000,0.1000,0.012267,4533,54357,,qwen-plus-2025-09-11|qwen-plus-2025-04-28|qwen-plus-2025-07-14|qwen-plus-2025-12-01|qwen-coder-plus|phala/qwen3.5-397b-a17b,2026-07-06 02:56:02.636,d2c172a03510104fbca15e9c3e94647c,4826
97908f94-9641-48e4-b008-c85fd28aad36,36183d17-6307-4435-a900-e350b238cbb1,6,frozen,1,collective-tier1,sensitivity-consensus,qwen-plus-2025-09-11,low,tech,t,0.6000,0.6000,0.002543,98,11135,,qwen-plus-2025-09-11|qwen-plus-2025-04-28|qwen-coder-plus|qwen-plus-2025-07-14|qwen-plus-2025-12-01,2026-07-06 02:56:07.49,90dc8124953017a3339bbc59e9229d30,1166
1c9a6eac-b43e-47cc-9d34-2b6c54d57f4e,36183d17-6307-4435-a900-e350b238cbb1,6,frozen,1,single-model,single,openrouter/auto,low,tech,t,0.6000,0.6000,0.000086,867,10053,,openrouter/auto|Qwen/Qwen2.5-Coder-32B-Instruct,2026-07-06 02:56:18.064,1f3b81704bbd0c44dcf5c7ec93b31439,1514
04cdd178-bec9-4964-964c-4b3d6233dc8f,36183d17-6307-4435-a900-e350b238cbb1,15,frozen,1,single-model,single,qwen3:8b,low,tech,t,0.7500,0.7500,0.000068,782,9299,,Qwen/Qwen2.5-Coder-32B-Instruct,2026-07-06 02:56:32,9fdca0e3552b01aebd3ba4d5b2555c4c,979
e2564829-c235-4122-8092-9ec307f76b47,36183d17-6307-4435-a900-e350b238cbb1,6,frozen,1,collective-tier1,consensus,phala/qwen3.5-397b-a17b,low,tech,t,0.0900,0.0900,0.015177,4070,69241,,qwen-plus-2025-09-11|qwen-coder-plus|qwen-plus-2025-07-14|qwen-plus-2025-04-28|qwen-plus-2025-12-01|phala/qwen3.5-397b-a17b,2026-07-06 02:57:07.992,0307d20016e907cf8798a18605b1717b,2691
b22e2b69-ea82-41cc-bf03-d303efec08dc,36183d17-6307-4435-a900-e350b238cbb1,6,frozen,1,collective,consensus,phala/qwen3.5-397b-a17b,low,tech,t,0.0400,0.0400,0.008651,2836,47269,,kimi-k2-0905-preview|hf:Qwen/Qwen3.5-397B-A17B|openai/gpt-5.4-mini|meta-llama/Llama-3.3-70B-Instruct|codestral-latest|phala/qwen3.5-397b-a17b,2026-07-06 02:57:17.416,1af26e6091c1a3c963ae82ac434b604c,4037
85a44995-942c-4b5c-bd3f-00e812f896b7,36183d17-6307-4435-a900-e350b238cbb1,15,frozen,1,collective-tier1,consensus,phala/qwen3.5-397b-a17b,low,tech,t,0.1000,0.1000,0.010750,3739,44449,,qwen-plus-2025-07-14|qwen-plus-2025-09-11|qwen-plus-2025-04-28|qwen-coder-plus|qwen-plus-2025-12-01|phala/qwen3.5-397b-a17b,2026-07-06 02:57:22.086,deeb0284d39099d4883e8d107d95db93,4375
9109780a-2cb2-4003-bd68-83bcc64131dd,36183d17-6307-4435-a900-e350b238cbb1,15,frozen,1,collective-tier1,sensitivity-consensus,qwen-plus-2025-09-11,low,tech,t,0.0400,0.0400,0.002554,107,10274,,qwen-plus-2025-09-11|qwen-plus-2025-04-28|qwen-plus-2025-07-14|qwen-coder-plus|qwen-plus-2025-12-01,2026-07-06 02:57:23.321,0f9eed700d815df883d43d6d81d6a9fc,1211
0f9575bb-928d-498a-8679-24e943ece917,36183d17-6307-4435-a900-e350b238cbb1,21,frozen,1,single-model,single,qwen3:8b,low,creative,t,0.0600,0.0600,0.000037,328,7834,,Qwen/Qwen2.5-Coder-32B-Instruct,2026-07-06 02:57:36.953,087886d350fc92e8d0c0b30f4c91c319,887
d07d1bae-50b9-4296-88ca-895269669a93,36183d17-6307-4435-a900-e350b238cbb1,15,frozen,1,single-model,single,openrouter/auto,low,tech,t,0.0480,0.0480,0.000102,862,9579,,openrouter/auto|Qwen/Qwen2.5-Coder-32B-Instruct,2026-07-06 02:57:51.605,cbf7c615e415f9e51750f0621019dd34,1539
309f01ae-f66e-40a9-a071-4763befe5566,36183d17-6307-4435-a900-e350b238cbb1,21,frozen,1,collective-tier1,sensitivity-consensus,qwen-coder-plus,low,creative,t,0.6500,0.6500,0.000105,52,5948,,deepseek/deepseek-r1-0528:free|deepseek/deepseek-v4-flash|qwen-coder-plus|qwen-plus-2025-04-28|qwen-plus-2025-12-01,2026-07-06 02:58:02.85,c3ddb90f35728145c717d56de2c41d06,932
25187551-faf2-4fe3-bf3f-feac16156603,36183d17-6307-4435-a900-e350b238cbb1,15,frozen,1,collective,consensus,meta-llama/Llama-3.3-70B-Instruct,low,tech,t,0.1500,0.1500,0.008155,872,43761,,kimi-k2-0905-preview|hf:Qwen/Qwen3.5-397B-A17B|openai/gpt-5.4-mini|meta-llama/Llama-3.3-70B-Instruct|codestral-latest|phala/qwen3.5-397b-a17b,2026-07-06 02:58:11.283,edb02e1a0e38b2a395a446683928bc9f,2274
4db10109-9b06-4fd7-8c1d-8d2db7d10ff9,36183d17-6307-4435-a900-e350b238cbb1,21,frozen,1,single-model,single,openrouter/auto,low,creative,t,0.7500,0.7500,0.000090,706,12491,,openrouter/auto|Qwen/Qwen2.5-Coder-32B-Instruct,2026-07-06 02:58:20.158,325d03d5842d36ed27fc1a5d24993a51,1984
d6210659-9742-4e05-86bc-dc15adc8f3ee,36183d17-6307-4435-a900-e350b238cbb1,21,frozen,1,collective-tier1,consensus,phala/qwen3.5-397b-a17b,low,creative,t,0.8500,0.8500,0.009069,2879,42372,,qwen-plus-2025-09-11|qwen-plus-2025-07-14|qwen-coder-plus|qwen-plus-2025-04-28|qwen-plus-2025-12-01|phala/qwen3.5-397b-a17b,2026-07-06 02:58:24.326,f2dddb086d7e91a3cfe1c09967d68d66,1311
af25844c-78da-49d9-97fa-8ddf953307a6,36183d17-6307-4435-a900-e350b238cbb1,39,frozen,1,single-model,single,qwen3:8b,low,business,t,0.8500,0.8500,0.000243,1635,15519,,Qwen/Qwen2.5-Coder-32B-Instruct,2026-07-06 02:58:41.313,145b0fc42c80fd0db873601ab7698c06,1839
e21949da-c2f0-4943-9f16-708a88cc8f86,36183d17-6307-4435-a900-e350b238cbb1,21,frozen,1,collective,consensus,phala/qwen3.5-397b-a17b,low,creative,t,0.0850,0.0850,0.007332,2321,39983,,kimi-k2-0905-preview|hf:Qwen/Qwen3.5-397B-A17B|openai/gpt-5.4-mini|codestral-latest|Qwen/Qwen2.5-Coder-32B-Instruct|phala/qwen3.5-397b-a17b,2026-07-06 02:59:13.113,6edf9d3748b18582d55a6a703f395ac9,1946
ec7157f2-28c4-455f-8725-c130d5548173,36183d17-6307-4435-a900-e350b238cbb1,39,frozen,1,collective-tier1,sensitivity-consensus,qwen-plus-2025-04-28,low,business,t,0.8500,0.8500,0.004001,115,22228,,deepseek/deepseek-r1-0528:free|deepseek/deepseek-v4-flash|qwen-plus-2025-04-28|qwen-plus-2025-12-01|qwen-coder-plus,2026-07-06 02:59:15.786,f4f212b31daed5a9987b8404696cb3db,1737
a0f25173-8e69-43b6-9182-fadbb2a955e9,36183d17-6307-4435-a900-e350b238cbb1,39,frozen,1,collective-tier1,consensus,phala/qwen3.5-397b-a17b,low,business,t,0.9000,0.9000,0.009560,3604,49454,,deepseek/deepseek-r1-0528:free|deepseek/deepseek-v4-flash|qwen-plus-2025-04-28|qwen-coder-plus|qwen-plus-2025-12-01|phala/qwen3.5-397b-a17b,2026-07-06 02:59:22.035,5d8311d05aec72cbcb80700c2a14f35e,1826
9377ffc8-50ee-4ca0-b56a-fa3d699219af,36183d17-6307-4435-a900-e350b238cbb1,47,frozen,1,single-model,single,qwen3:8b,low,science,t,1.0000,1.0000,0.000058,529,8105,,Qwen/Qwen2.5-Coder-32B-Instruct,2026-07-06 02:59:34.891,f706e73d27dff450b7badccc65fffbe5,1338
bd059cf6-96d9-4b54-b77d-526102fd3869,36183d17-6307-4435-a900-e350b238cbb1,39,frozen,1,single-model,single,openrouter/auto,low,business,t,0.6000,0.6000,0.000175,1248,14340,,openrouter/auto|Qwen/Qwen2.5-Coder-32B-Instruct,2026-07-06 02:59:43.388,e0c9be9856a02c003e0a3a3ed39e50dd,3272
3e8f24ad-5c08-4778-b0cc-0f97a68a799e,36183d17-6307-4435-a900-e350b238cbb1,47,frozen,1,collective-tier1,sensitivity-consensus,qwen-plus-2025-04-28,low,science,t,1.0000,1.0000,0.001955,104,11661,,deepseek/deepseek-r1-0528:free|deepseek/deepseek-v4-flash|qwen-plus-2025-04-28|qwen-coder-plus|qwen-plus-2025-12-01,2026-07-06 02:59:59.341,b3b76ecad425c12cb3c95a55537a0a9f,1461
fea20c80-5bd5-4bfb-94b5-ae832f37cdbe,36183d17-6307-4435-a900-e350b238cbb1,39,frozen,1,collective,consensus,phala/qwen3.5-397b-a17b,low,business,t,1.0000,1.0000,0.008082,3167,44181,,kimi-k2-0905-preview|hf:Qwen/Qwen3.5-397B-A17B|intfloat-multilingual-e5-base|codestral-latest|Qwen/Qwen2.5-Coder-32B-Instruct|phala/qwen3.5-397b-a17b,2026-07-06 03:00:05.436,3c560cd4690d8f95db5a57be589a9f0f,2548
37fe84b6-6460-4d96-af81-edf322d9b716,36183d17-6307-4435-a900-e350b238cbb1,47,frozen,1,single-model,single,openrouter/auto,low,science,t,0.6000,0.6000,0.000117,866,12039,,openrouter/auto|Qwen/Qwen2.5-Coder-32B-Instruct,2026-07-06 03:00:17.417,2acbe08607216df719001c585e404541,2783
ee38efba-2574-4051-8b0a-351dff305eef,36183d17-6307-4435-a900-e350b238cbb1,47,frozen,1,collective-tier1,consensus,phala/qwen3.5-397b-a17b,low,science,t,1.0000,1.0000,0.008996,3125,46416,,deepseek/deepseek-r1-0528:free|deepseek/deepseek-v4-flash|qwen-coder-plus|qwen-plus-2025-04-28|qwen-plus-2025-12-01|phala/qwen3.5-397b-a17b,2026-07-06 03:00:26.56,ffcb585788216cbc78a5ce53de4bd0e7,3050
4b1dcd26-c7b7-458e-b3a8-258a078ac7bd,36183d17-6307-4435-a900-e350b238cbb1,82,frozen,1,collective-tier1,clarification-first,qwen-coder-plus,low,tech,t,0.0900,0.0900,0.000843,0,9888,,qwen-coder-plus|qwen-plus-2025-04-28|qwen-plus-2025-12-01,2026-07-06 03:00:43.408,4c7bcaeacefec96d47c1cd0597a7f121,1014
d428e4bb-8119-489a-8584-a8bf4a62c294,36183d17-6307-4435-a900-e350b238cbb1,47,frozen,1,collective,consensus,phala/qwen3.5-397b-a17b,low,science,t,1.0000,1.0000,0.007077,2366,38803,,kimi-k2-0905-preview|hf:Qwen/Qwen3.5-397B-A17B|intfloat-multilingual-e5-base|codestral-latest|Qwen/Qwen2.5-Coder-32B-Instruct|phala/qwen3.5-397b-a17b,2026-07-06 03:00:48.767,7b3cc686b74b08eb645302e81a591c27,2679
64e780e7-b6ce-4555-8dfc-85839d98e29f,36183d17-6307-4435-a900-e350b238cbb1,82,frozen,1,single-model,clarification-first,qwen3:8b,low,tech,t,0.9900,0.9900,0.002340,2647,27797,,kimi-k2-0905-preview|Qwen/Qwen3.6-35B-A3B,2026-07-06 03:00:54.903,1097f43ded758426d5adb5f279effddf,4564
0e5616eb-9369-4ff8-990d-6a6caf9366bf,36183d17-6307-4435-a900-e350b238cbb1,82,frozen,1,collective-tier1,clarification-first,qwen-coder-plus,low,tech,t,0.6000,0.6000,0.000822,0,11310,,qwen-coder-plus|qwen-plus-2025-04-28|qwen-plus-2025-12-01,2026-07-06 03:01:01.874,4f7f6c6eb406bd89a2eeb1fd17af3a0e,1265
43204bc6-eec0-43d9-b10c-57263f67c491,36183d17-6307-4435-a900-e350b238cbb1,82,frozen,1,collective,clarification-first,Qwen/Qwen3.6-35B-A3B,low,tech,t,0.6000,0.6000,0.001162,1407,14908,,kimi-k2-0905-preview|Qwen/Qwen3.6-35B-A3B,2026-07-06 03:01:15.633,27649efad6923ffc0386a761f80dcfdd,2069
b3be4753-e64a-405c-8239-4b9cd4cb4694,36183d17-6307-4435-a900-e350b238cbb1,82,frozen,1,single-model,clarification-first,openrouter/auto,low,tech,t,0.6000,0.6000,0.002800,3131,32596,,kimi-k2-0905-preview|Qwen/Qwen3.6-35B-A3B,2026-07-06 03:01:27.611,996e8638f27f68063d723291177b788e,5186
16df2bb2-2852-4e74-8df0-ee6b522652a0,36183d17-6307-4435-a900-e350b238cbb1,97,frozen,1,single-model,parallel,qwen3:8b,low,tech,t,1.0000,1.0000,0.000075,1742,27399,,meta-llama/Llama-3.1-8B-Instruct|Qwen/Qwen3.6-35B-A3B,2026-07-06 03:01:50.069,e6651ad4b002fffc3c3e98f1d6c1b90a,5537
845cc305-7836-4110-b6b6-04b10c5886cd,36183d17-6307-4435-a900-e350b238cbb1,97,frozen,1,collective-tier1,parallel,qwen-flash,low,tech,t,1.0000,1.0000,0.670268,1526,13111,,qwen-flash|qwen-plus-2025-04-28,2026-07-06 03:01:52.881,43d93f61cf93b5e434f2d19c1504e32f,5337
c9058d77-7035-489d-9ee7-2029ab323da1,36183d17-6307-4435-a900-e350b238cbb1,97,frozen,1,collective-tier1,parallel,qwen-flash,low,tech,t,0.2000,0.2000,0.623321,1431,21550,,qwen-flash|qwen-plus-2025-04-28,2026-07-06 03:01:54.265,cb16ae79feee064e944c7e6cd7fd8edf,4845
ccff1108-3089-44b7-84c9-51ef79c95461,36183d17-6307-4435-a900-e350b238cbb1,116,frozen,1,single-model,single,qwen3:8b,low,business,t,0.0000,0.0000,0.000232,0,2823,,"",2026-07-06 03:02:01.204,17c81318da14e547b7bd27fcf1749587,202
cdc41041-7b31-4b48-9906-686119db7845,36183d17-6307-4435-a900-e350b238cbb1,116,frozen,1,collective-tier1,consensus,qwen-plus-2025-04-28,low,business,t,1.0000,1.0000,0.001027,700,5728,,deepseek/deepseek-r1-0528:free|deepseek/deepseek-v4-flash|qwen-plus-2025-04-28|qwen-plus-2025-12-01|qwen-coder-plus,2026-07-06 03:02:10.838,65abcb65b81d85af09bc8cf44032a6ec,1263
60351980-0b1e-4fdb-996a-f39455b7258e,36183d17-6307-4435-a900-e350b238cbb1,97,frozen,1,collective,parallel,Qwen/Qwen2.5-Coder-7B-Instruct,low,tech,t,0.0500,0.0500,0.000059,1093,6996,,meta-llama/Llama-3.1-8B-Instruct|Qwen/Qwen2.5-Coder-7B-Instruct,2026-07-06 03:02:10.839,6fa3770f668a719e8811727dab912f67,3107
0ba2c91f-0ce1-4129-a205-7b4c8d04edc4,36183d17-6307-4435-a900-e350b238cbb1,116,frozen,1,single-model,single,openrouter/auto,low,business,t,0.0000,0.0000,0.000235,0,2865,,"",2026-07-06 03:02:18.673,17c81318da14e547b7bd27fcf1749587,202
67a92af1-31cd-4d45-b886-492ced1ee201,36183d17-6307-4435-a900-e350b238cbb1,116,frozen,1,collective-tier1,sensitivity-consensus,qwen-plus-2025-04-28,low,business,t,1.0000,1.0000,0.001072,143,7588,,deepseek/deepseek-r1-0528:free|deepseek/deepseek-v4-flash|qwen-plus-2025-04-28|qwen-coder-plus|qwen-plus-2025-12-01,2026-07-06 03:02:24.434,4cd9b99cea427aa021bac9a08ebe6abf,1296
312286cb-9f00-479e-98a9-2c5f5feb80f9,36183d17-6307-4435-a900-e350b238cbb1,97,frozen,1,single-model,parallel,openrouter/auto,low,tech,t,0.9000,0.9000,0.003636,4114,26695,,meta-llama/Llama-3.1-8B-Instruct|Qwen/Qwen3.6-35B-A3B,2026-07-06 03:02:30.279,d93b42c8277cff56e5e1f033200c5671,8027
b97b6f0e-6a38-4812-a4ac-b2d105d5f538,36183d17-6307-4435-a900-e350b238cbb1,119,frozen,1,collective-tier1,consensus,qwen-coder-plus,low,science,t,1.0000,1.0000,0.000935,487,5206,,deepseek/deepseek-r1-0528:free|deepseek/deepseek-v4-flash|qwen-coder-plus|qwen-plus-2025-04-28|qwen-plus-2025-12-01,2026-07-06 03:02:40.056,22b13df732fc477ded8c55eae46d6344,821
cf3f2acf-722f-402a-80fe-97c0ab7e7cae,36183d17-6307-4435-a900-e350b238cbb1,119,frozen,1,single-model,single,qwen3:8b,low,science,t,0.0000,0.0000,0.000090,739,12900,,Qwen/Qwen3-Coder-30B-A3B-Instruct,2026-07-06 03:02:42.72,430b962b5a53a64a62d7946211d57d6f,1231
f552b485-a5a8-4bb8-b1c4-a0391e8af16d,36183d17-6307-4435-a900-e350b238cbb1,116,frozen,1,collective,consensus,codestral-latest,low,business,t,0.7500,0.7500,0.001653,692,22814,,kimi-k2-0905-preview|hf:Qwen/Qwen3.5-397B-A17B|intfloat-multilingual-e5-base|codestral-latest|deepseek-ai/DeepSeek-R1,2026-07-06 03:02:46.072,35ba2bb906550f8e332e5b1943936463,1323
5788f34f-7739-4724-a467-cfe04ac79f78,36183d17-6307-4435-a900-e350b238cbb1,119,frozen,1,collective-tier1,sensitivity-consensus,qwen-plus-2025-04-28,low,science,t,1.0000,1.0000,0.000369,55,5603,,deepseek/deepseek-r1-0528:free|deepseek/deepseek-v4-flash|qwen-plus-2025-04-28|qwen-plus-2025-12-01|qwen-coder-plus,2026-07-06 03:02:51.288,446eab21003bac3467971140ace59531,921
ddd6b41f-9f30-4300-a217-47b13b2c3811,36183d17-6307-4435-a900-e350b238cbb1,119,frozen,1,collective,consensus,codestral-latest,low,science,t,1.0000,1.0000,0.000470,524,3930,,kimi-k2-0905-preview|hf:Qwen/Qwen3.5-397B-A17B|intfloat-multilingual-e5-base|codestral-latest|Qwen/Qwen3-Coder-Next,2026-07-06 03:02:54.255,f76f30c96ad84fd76432430dcf889698,945
25154da6-c005-4a4d-bfe3-f5ff8a59d970,36183d17-6307-4435-a900-e350b238cbb1,119,frozen,1,single-model,single,openrouter/auto,low,science,t,0.6000,0.6000,0.000088,507,7980,,openrouter/auto|Qwen/Qwen3-Coder-30B-A3B-Instruct,2026-07-06 03:02:58.392,72be97f0cd01cff4906ac3e5f8d83ff0,1689
c162981a-6280-4922-a9c7-0694eef54aa3,36183d17-6307-4435-a900-e350b238cbb1,120,frozen,1,single-model,single,qwen3:8b,low,tech,t,0.6000,0.6000,0.000155,967,12746,,Qwen/Qwen3-Coder-30B-A3B-Instruct,2026-07-06 03:03:11.111,aba87ad2e565b19db624f6df44c00f07,2463
c7bd9947-e9df-47f2-bfdb-08783e0df20b,36183d17-6307-4435-a900-e350b238cbb1,120,frozen,1,collective-tier1,sensitivity-consensus,qwen-plus-2025-04-28,low,tech,t,0.0000,0.0000,0.000016,16,7905,,deepseek/deepseek-r1-0528:free|deepseek/deepseek-v4-flash|qwen-plus-2025-04-28|qwen-plus-2025-12-01|qwen-coder-plus,2026-07-06 03:03:11.359,919d8f8fbf875c2eb6cfd94686a1bb8b,722
73cb70e9-86a3-43bf-8213-83065e3ead72,36183d17-6307-4435-a900-e350b238cbb1,120,frozen,1,collective-tier1,consensus,qwen-plus-2025-12-01,low,tech,t,0.0300,0.0300,0.001684,903,10226,,deepseek/deepseek-r1-0528:free|deepseek/deepseek-v4-flash|qwen-coder-plus|qwen-plus-2025-04-28|qwen-plus-2025-12-01,2026-07-06 03:03:11.795,8b28f5d4a44841d224214a02f622a59b,2398
73ddc7dc-afb4-47fc-8109-a195119c801a,36183d17-6307-4435-a900-e350b238cbb1,120,frozen,1,collective,consensus,codestral-latest,low,tech,t,1.0000,1.0000,0.000402,619,5732,,kimi-k2-0905-preview|hf:Qwen/Qwen3.5-397B-A17B|intfloat-multilingual-e5-base|codestral-latest|Qwen/Qwen3-Coder-Next,2026-07-06 03:03:21.741,eaed794a3acaa0bcb296ee3dc1029d45,1480
42bfb8e4-6239-4e75-b0ce-38a9ba7c0a15,36183d17-6307-4435-a900-e350b238cbb1,122,frozen,1,single-model,single,qwen3:8b,low,general,t,0.0200,0.0200,0.000112,586,10053,,Qwen/Qwen3-Coder-30B-A3B-Instruct,2026-07-06 03:03:26.912,5d4726780afd631137bcdc1d2816c8ad,2292
49237e55-5149-42a7-a1c5-546892498f28,36183d17-6307-4435-a900-e350b238cbb1,122,frozen,1,collective-tier1,consensus,qwen-plus-2025-04-28,low,general,t,0.0200,0.0200,0.000906,582,6653,,deepseek/deepseek-r1-0528:free|deepseek/deepseek-v4-flash|qwen-coder-plus|qwen-plus-2025-04-28|qwen-plus-2025-12-01,2026-07-06 03:03:33.543,202ccdc4f1d58d8cd125080751227821,1532
361c8ef1-b2b0-4fc3-b606-aa74aca09944,36183d17-6307-4435-a900-e350b238cbb1,122,frozen,1,collective-tier1,sensitivity-consensus,qwen-plus-2025-04-28,low,general,t,1.0000,1.0000,0.000445,98,7248,,deepseek/deepseek-r1-0528:free|deepseek/deepseek-v4-flash|qwen-plus-2025-04-28|qwen-plus-2025-12-01|qwen-coder-plus,2026-07-06 03:03:38.667,ac48d5e0a6fdf7f55529f36180f83cfa,1192
aec81c7d-321e-4ff0-87a9-e1c2a43b6b98,36183d17-6307-4435-a900-e350b238cbb1,120,frozen,1,single-model,single,openrouter/auto,low,tech,t,0.0000,0.0000,0.000140,945,16951,,openrouter/auto|Qwen/Qwen3-Coder-30B-A3B-Instruct,2026-07-06 03:03:47.391,d2ea4dce9033d75556d229e4df786e50,2333
9e20a7fb-1d42-4935-ac8d-d325b9a9254f,36183d17-6307-4435-a900-e350b238cbb1,122,frozen,1,single-model,single,openrouter/auto,low,general,t,0.6000,0.6000,0.000095,508,9558,,openrouter/auto|Qwen/Qwen3-Coder-30B-A3B-Instruct,2026-07-06 03:03:48.878,788ea93f8e2242a16e182974219a43f7,1900
2b0f2792-bae4-40e4-b2d6-3bdbddc21faf,36183d17-6307-4435-a900-e350b238cbb1,124,frozen,1,single-model,single,qwen3:8b,low,tech,t,0.6000,0.6000,0.000112,600,9455,,Qwen/Qwen3-Coder-30B-A3B-Instruct,2026-07-06 03:04:02.925,81352e79e3226f108ca1f606984956b0,1312
ce21c1ed-0215-46ec-bd97-cc87e40875ef,36183d17-6307-4435-a900-e350b238cbb1,124,frozen,1,collective-tier1,consensus,qwen-plus-2025-04-28,low,tech,t,0.5000,0.5000,0.000929,628,5876,,deepseek/deepseek-r1-0528:free|deepseek/deepseek-v4-flash|qwen-plus-2025-04-28|qwen-plus-2025-12-01|qwen-coder-plus,2026-07-06 03:04:09.471,3784a95c4667dd3ee37d78d641797628,1177
4fc17267-aa8d-4d3a-ab5f-55dec938c68f,36183d17-6307-4435-a900-e350b238cbb1,124,frozen,1,collective-tier1,sensitivity-consensus,qwen-plus-2025-04-28,low,tech,t,0.0000,0.0000,0.000016,16,6196,,deepseek/deepseek-r1-0528:free|deepseek/deepseek-v4-flash|qwen-plus-2025-04-28|qwen-plus-2025-12-01|qwen-coder-plus,2026-07-06 03:04:14.864,181abf08bfe2e01cf953b0f8b2b79d42,722
7290ccb8-dfa3-44e3-8918-5381b8f82b4d,36183d17-6307-4435-a900-e350b238cbb1,122,frozen,1,collective,consensus,phala/qwen3.5-397b-a17b,low,general,t,1.0000,1.0000,0.006958,2137,38930,,kimi-k2-0905-preview|hf:Qwen/Qwen3.5-397B-A17B|intfloat-multilingual-e5-base|codestral-latest|Qwen/Qwen3-Coder-Next|phala/qwen3.5-397b-a17b,2026-07-06 03:04:22.557,834ee647cbea5f73ae25cd858af57dfb,1722
eeae428e-099e-4d93-9c97-f09fcaa0ccef,36183d17-6307-4435-a900-e350b238cbb1,124,frozen,1,collective,consensus,codestral-latest,low,tech,t,1.0000,1.0000,0.000657,793,4868,,kimi-k2-0905-preview|hf:Qwen/Qwen3.5-397B-A17B|intfloat-multilingual-e5-base|codestral-latest|Qwen/Qwen3-Coder-Next,2026-07-06 03:04:31.385,cc646571dace03588baa1a4ee4acada7,1691
b5511f7c-94de-4cae-a41a-6de58295157e,36183d17-6307-4435-a900-e350b238cbb1,124,frozen,1,single-model,single,openrouter/auto,low,tech,t,0.6000,0.6000,0.000121,625,8922,,openrouter/auto|Qwen/Qwen3-Coder-30B-A3B-Instruct,2026-07-06 03:04:32.375,8ffb8bb7932205756194b69e11ea9dcc,1590
4cb60350-7af1-46c4-8b51-2602dc93c346,36183d17-6307-4435-a900-e350b238cbb1,2,frozen,2,collective-tier1,sensitivity-consensus,qwen-plus-2025-09-11,high,tech,t,0.0000,0.0000,0.000844,106,14156,,deepseek/deepseek-r1-0528:free|deepseek/deepseek-v4-flash|qwen-plus-2025-09-11|qwen-plus-2025-12-01|qwen-coder-plus,2026-07-06 03:04:51.942,732b70786521054ce0a5f6f527f31922,1250
bb426d55-288c-4248-b075-1da6b8d03945,36183d17-6307-4435-a900-e350b238cbb1,2,frozen,2,single-model,single,qwen3:8b,high,tech,t,0.0900,0.0900,0.000789,4747,40754,,Qwen/Qwen3-Coder-30B-A3B-Instruct,2026-07-06 03:05:08.829,a5306f813d8e21ab3ccda488e6ebb62f,10878
110f15b1-fc54-4d8d-8cff-020c680fa94f,36183d17-6307-4435-a900-e350b238cbb1,2,frozen,2,single-model,single,openrouter/auto,high,tech,t,0.8800,0.8800,0.001010,5625,42816,,openrouter/auto|Qwen/Qwen3-Coder-30B-A3B-Instruct,2026-07-06 03:05:41.149,909d088704f496447d3dea599e3b8f98,13924
2be12bb8-91e7-43d8-a2bf-2c8d4df455e5,36183d17-6307-4435-a900-e350b238cbb1,14,frozen,2,single-model,single,qwen3:8b,high,tech,t,0.0000,0.0000,0.000126,573,12049,,meta-llama/Llama-3.3-70B-Instruct,2026-07-06 03:06:02.756,71862fda9ef744eb274fe5a15c5786ea,1120
ca444780-d90a-4a6b-ac9a-4225d3ad4669,36183d17-6307-4435-a900-e350b238cbb1,2,frozen,2,collective,consensus,phala/qwen3.5-397b-a17b,high,tech,t,0.6000,0.6000,0.024041,2958,48620,,kimi-k2-0905-preview|hf:Qwen/Qwen3.5-397B-A17B|gemma-4-31b|Qwen/Qwen3-Coder-Next|codestral-latest|phala/qwen3.5-397b-a17b,2026-07-06 03:06:03.244,212a7283e871c327afba404d9848d743,6697
3b66550b-a2c8-4906-bb68-5feddd0c5099,36183d17-6307-4435-a900-e350b238cbb1,14,frozen,2,collective-tier1,sensitivity-consensus,qwen-plus-2025-09-11,high,tech,t,0.4000,0.4000,0.000985,62,13312,,deepseek/deepseek-r1-0528:free|deepseek/deepseek-v4-flash|qwen-plus-2025-09-11|qwen-coder-plus|qwen-plus-2025-12-01,2026-07-06 03:06:21.084,eba993aaf11dad718881a1eebafdaa5f,988
4056e9ed-b6b4-4b2f-b039-318c49dceb6f,36183d17-6307-4435-a900-e350b238cbb1,2,frozen,2,collective-tier1,consensus,phala/qwen3.5-397b-a17b,high,tech,t,1.0000,1.0000,0.015426,3391,106065,,deepseek/deepseek-r1-0528:free|deepseek/deepseek-v4-flash|qwen-plus-2025-09-11|qwen-coder-plus|qwen-plus-2025-12-01|phala/qwen3.5-397b-a17b,2026-07-06 03:06:25.384,af4440062042d75ff17bcdfd17d162dd,6670
2b4bc66b-bdb5-4295-ba0d-3aa8d5186ea5,36183d17-6307-4435-a900-e350b238cbb1,14,frozen,2,single-model,single,openrouter/auto,high,tech,t,0.8500,0.8500,0.000266,813,9800,,openrouter/auto|meta-llama/Llama-3.3-70B-Instruct,2026-07-06 03:06:39.648,f013176666819f0b8aa12f7d0fea463a,3466
742e3e3a-1c84-48ea-82fb-7ef0cab1c730,36183d17-6307-4435-a900-e350b238cbb1,14,frozen,2,collective,consensus,phala/qwen3.5-397b-a17b,high,tech,t,0.6000,0.6000,0.017619,3269,48173,,kimi-k2-0905-preview|hf:Qwen/Qwen3.5-397B-A17B|gemma-4-31b|codestral-latest|Qwen/Qwen3-Coder-30B-A3B-Instruct|phala/qwen3.5-397b-a17b,2026-07-06 03:07:17.682,1cc25fd7d5f9586745e7a96f42a1cf16,1087
070aea80-3746-478f-bcad-a150d63ff100,36183d17-6307-4435-a900-e350b238cbb1,14,frozen,2,collective-tier1,consensus,phala/qwen3.5-397b-a17b,high,tech,t,0.2000,0.2000,0.013316,3262,84898,,deepseek/deepseek-r1-0528:free|deepseek/deepseek-v4-flash|qwen-plus-2025-09-11|qwen-coder-plus|qwen-plus-2025-12-01|phala/qwen3.5-397b-a17b,2026-07-06 03:07:31.837,18c9c076cf3f64212d7eb79cd929cff7,1188
ff6912c7-52c2-4071-ba94-3f3868f8d23b,36183d17-6307-4435-a900-e350b238cbb1,26,frozen,2,single-model,single,qwen3:8b,high,tech,t,1.0000,1.0000,0.000461,1165,29693,,gemini-3-flash-preview|amazon/nova-micro-v1|Qwen/Qwen2.5-72B-Instruct,2026-07-06 03:07:42.286,fe8379b7a1f8835aa1d0ba6ffae03b89,4164
bda9fc43-e5d6-4b24-a4c9-f7bb763df8b3,36183d17-6307-4435-a900-e350b238cbb1,26,frozen,2,single-model,single,openrouter/auto,high,tech,t,0.0000,0.0000,0.000234,0,3151,,"",2026-07-06 03:07:49.303,17c81318da14e547b7bd27fcf1749587,202
463cf287-d526-42b0-a758-69737324ff67,36183d17-6307-4435-a900-e350b238cbb1,26,frozen,2,collective-tier1,sensitivity-consensus,qwen-plus-2025-09-11,high,tech,t,0.0900,0.0900,0.000988,86,11101,,deepseek/deepseek-r1-0528:free|deepseek/deepseek-v4-flash|qwen-plus-2025-09-11|qwen-coder-plus|qwen-plus-2025-12-01,2026-07-06 03:07:49.356,dab7d3d414f227c86cfd5279acd7871e,1151
657ddf96-329e-4c95-abd3-219194e4a616,36183d17-6307-4435-a900-e350b238cbb1,46,frozen,2,single-model,single,qwen3:8b,high,business,t,0.0000,0.0000,0.000126,596,11336,,meta-llama/Llama-3.3-70B-Instruct,2026-07-06 03:08:09.174,dc10e98b7f7c02ed908acf09a020feaa,1051
6865d7cf-76e6-45b1-a016-d233ca5eeef4,36183d17-6307-4435-a900-e350b238cbb1,26,frozen,2,collective-tier1,consensus,phala/qwen3.5-397b-a17b,high,tech,t,0.6000,0.6000,0.015674,3306,108376,,deepseek/deepseek-r1-0528:free|deepseek/deepseek-v4-flash|qwen-coder-plus|qwen-plus-2025-09-11|qwen-plus-2025-12-01|phala/qwen3.5-397b-a17b,2026-07-06 03:09:12.247,9136c9bf5ad3ebd1560b7d396ca7beb5,6242
6d73d6ff-feb4-46a8-9d7a-a754b9c072e5,36183d17-6307-4435-a900-e350b238cbb1,26,frozen,2,collective,consensus,phala/qwen3.5-397b-a17b,high,tech,t,0.1000,0.1000,0.017095,3175,46069,,kimi-k2-0905-preview|hf:Qwen/Qwen3.5-397B-A17B|gemma-4-31b|meta-llama/Llama-3.1-8B-Instruct|codestral-latest|phala/qwen3.5-397b-a17b,2026-07-06 03:09:13.727,8aac059cf98f452080ec88b26893b29e,2806
efe08e29-523c-4bfd-9d45-e2ffbdebf937,36183d17-6307-4435-a900-e350b238cbb1,46,frozen,2,collective-tier1,sensitivity-consensus,qwen-plus-2025-09-11,high,business,t,0.9200,0.9200,0.001531,125,11236,,deepseek/deepseek-r1-0528:free|deepseek/deepseek-v4-flash|qwen-plus-2025-09-11|qwen-coder-plus|qwen-plus-2025-12-01,2026-07-06 03:09:27.709,8c4b2c5669513de1d49afa71caf52bd3,1370
a0e80771-6bff-4259-94f7-89710c3f6db2,36183d17-6307-4435-a900-e350b238cbb1,46,frozen,2,single-model,single,openrouter/auto,high,business,t,0.6000,0.6000,0.000329,1414,9423,,openrouter/auto|meta-llama/Llama-3.3-70B-Instruct,2026-07-06 03:09:53.249,b69850a66b92255f11379de665e339e9,3383
bb54ece4-4dcd-4dec-9009-ca7bc1b5fd85,36183d17-6307-4435-a900-e350b238cbb1,57,frozen,2,single-model,single,qwen3:8b,high,math,t,0.4000,0.4000,0.000250,0,1910,,"",2026-07-06 03:09:59.519,17c81318da14e547b7bd27fcf1749587,202
c8947704-0864-4486-be95-9c9ddad3fd55,36183d17-6307-4435-a900-e350b238cbb1,46,frozen,2,collective-tier1,consensus,phala/qwen3.5-397b-a17b,high,business,t,1.0000,1.0000,0.012457,3379,76805,,deepseek/deepseek-r1-0528:free|deepseek/deepseek-v4-flash|qwen-plus-2025-09-11|qwen-coder-plus|qwen-plus-2025-12-01|phala/qwen3.5-397b-a17b,2026-07-06 03:10:14.367,5d637baff85ec630217f2b19e8b035fb,2157
a57c1619-5c3e-4ac3-a51e-65fb5e3a923e,36183d17-6307-4435-a900-e350b238cbb1,57,frozen,2,collective-tier1,sensitivity-consensus,qwen-plus-2025-09-11,high,math,t,0.3000,0.3000,0.000326,64,20851,,deepseek/deepseek-r1-0528:free|deepseek/deepseek-v4-flash|qwen-plus-2025-09-11|qwen-coder-plus|qwen-plus-2025-12-01,2026-07-06 03:11:05.251,8e92b83ba0745403e98c8d44dfbe87e6,1247
a74b9bbf-b44c-4cde-acf5-bef9a80c0b12,36183d17-6307-4435-a900-e350b238cbb1,57,frozen,2,single-model,single,openrouter/auto,high,math,t,0.4000,0.4000,0.000250,0,1902,,"",2026-07-06 03:11:11.442,17c81318da14e547b7bd27fcf1749587,202
8d84b2d1-4b8e-48da-a521-59c43a799899,36183d17-6307-4435-a900-e350b238cbb1,46,frozen,2,collective,consensus,phala/qwen3.5-397b-a17b,high,business,t,0.9000,0.9000,0.035753,3328,101906,,kimi-k2-0905-preview|accounts/fireworks/models/kimi-k2p5|gemma-4-31b|codestral-latest|moonshotai/Kimi-K2.7-Code|phala/qwen3.5-397b-a17b,2026-07-06 03:11:14.168,da3d671ec335f7c405ca3c77190f11ef,1144
5c3e4ab8-a069-4cc9-888f-a0f4491cd364,36183d17-6307-4435-a900-e350b238cbb1,62,frozen,2,single-model,single,qwen3:8b,high,scientific-writing,t,0.6000,0.6000,0.000701,1961,10693,,meta-llama/Llama-3.3-70B-Instruct,2026-07-06 03:11:28.885,ca0c09b3792c07df21fd0f2cb44399fa,7014
57d8ffd3-521f-40b7-80e6-d6b3266d213f,36183d17-6307-4435-a900-e350b238cbb1,62,frozen,2,collective-tier1,consensus,qwen-plus-2025-09-11,high,scientific-writing,t,0.0980,0.0980,0.018737,5028,128281,,deepseek/deepseek-r1-0528:free|deepseek/deepseek-v4-flash|qwen-plus-2025-09-11|qwen-coder-plus|qwen-plus-2025-12-01|phala/qwen3.5-397b-a17b,2026-07-06 03:13:47.216,c2870a833034e679eeac58059113585b,18117
9d8a6e25-cfb1-4fe8-baef-498ef2fd24c1,36183d17-6307-4435-a900-e350b238cbb1,62,frozen,2,collective-tier1,sensitivity-consensus,qwen-plus-2025-09-11,high,scientific-writing,t,0.9800,0.9800,0.001230,95,15070,,deepseek/deepseek-r1-0528:free|deepseek/deepseek-v4-flash|qwen-plus-2025-09-11|qwen-coder-plus|qwen-plus-2025-12-01,2026-07-06 03:14:05.991,171814d5a66e21774ce2916edd72d354,1199
f7e1a37b-31cc-40db-b93c-3e65b97ba588,36183d17-6307-4435-a900-e350b238cbb1,62,frozen,2,single-model,single,openrouter/auto,high,scientific-writing,t,0.2000,0.2000,0.000126,456,11402,,openrouter/auto|meta-llama/Llama-3.3-70B-Instruct,2026-07-06 03:14:22.963,bb4bf42218241e046aedb5d2d7bd89da,1467
9481d21c-de6c-4cd6-8d35-0efb1f9ece7c,36183d17-6307-4435-a900-e350b238cbb1,57,frozen,2,collective-tier1,consensus,phala/qwen3.5-397b-a17b,high,math,t,0.6000,0.6000,0.021673,3957,285651,,deepseek/deepseek-r1-0528:free|deepseek/deepseek-v4-flash|qwen-plus-2025-09-11|qwen-coder-plus|qwen-plus-2025-12-01|phala/qwen3.5-397b-a17b,2026-07-06 03:15:00.5,1943bdff7c523b25ce1da8f30fad0874,4009
519bf1e4-29bf-475f-ace3-01d0d991d339,36183d17-6307-4435-a900-e350b238cbb1,57,frozen,2,collective,consensus,phala/qwen3.5-397b-a17b,high,math,t,0.6000,0.6000,0.104731,4554,243112,,kimi-k2-0905-preview|gemma-4-31b|codestral-latest|openai/gpt-4o-mini|moonshotai/Kimi-K2.7-Code|phala/qwen3.5-397b-a17b,2026-07-06 03:15:26.42,a872e216c1f02afa4f9d8121b4d7c449,4004
f3f8cce9-a4e8-47a9-ac26-706368dfa8e5,36183d17-6307-4435-a900-e350b238cbb1,74,frozen,2,single-model,double-diamond,qwen3:8b,high,creative,t,0.0800,0.0800,0.021427,1157,64232,,meta-llama/Llama-3.3-70B-Instruct|codestral-latest|moonshotai/Kimi-K2.7-Code|kimi-k2-0905-preview,2026-07-06 03:16:11.721,9db10e61beb2dd415f179a30df958f45,4904
9ff5aac0-5d8e-470f-878d-67ce3a97b6f2,36183d17-6307-4435-a900-e350b238cbb1,62,frozen,2,collective,consensus,gemma-4-31b,high,scientific-writing,t,0.6000,0.6000,0.120117,2466,152839,,kimi-k2-0905-preview|gemma-4-31b|codestral-latest|openai/gpt-4o-mini|moonshotai/Kimi-K2.7-Code|phala/qwen3.5-397b-a17b,2026-07-06 03:17:00.082,0c0cf2c5dd4baa3eb03d193ca0992428,8694
20de6d3c-22c6-44b2-a99a-8801fe131474,36183d17-6307-4435-a900-e350b238cbb1,74,frozen,2,collective-tier1,double-diamond,qwen-coder-plus,high,creative,t,0.6000,0.6000,0.012537,4627,98124,,qwen-plus-2025-09-11|qwen-plus-2025-07-14|qwen-plus-2025-12-01|qwen-coder-plus,2026-07-06 03:17:11.461,9f21c577f6ae76e58e3b5cc86bacd983,5132
13077306-20bc-497b-adda-d760804910f5,36183d17-6307-4435-a900-e350b238cbb1,74,frozen,2,single-model,double-diamond,openrouter/auto,high,creative,t,0.9400,0.9400,0.014112,1198,55868,,meta-llama/Llama-3.3-70B-Instruct|codestral-latest|moonshotai/Kimi-K2.7-Code|kimi-k2-0905-preview,2026-07-06 03:18:04.588,2bcceb0e9e56406836fbe23ba4f3d4c5,4110
48e33b83-6081-4015-9430-49f734832904,36183d17-6307-4435-a900-e350b238cbb1,74,frozen,2,collective-tier1,double-diamond,qwen-coder-plus,high,creative,t,0.6000,0.6000,0.016016,4278,125704,,qwen-plus-2025-09-11|qwen-plus-2025-12-01|qwen-plus-2025-07-14|qwen-coder-plus|nvidia/nemotron-3.5-content-safety:free,2026-07-06 03:18:22.927,386afbea71f300bbfe9a88b585ab9ece,5638
763976f6-87a6-43d6-bdab-caa48234bb59,36183d17-6307-4435-a900-e350b238cbb1,84,frozen,2,single-model,quality_multipass,qwen3:8b,high,tech,t,0.6000,0.6000,0.000624,3903,46240,,meta-llama/Llama-3.1-8B-Instruct,2026-07-06 03:18:56.614,77eee7a5bec7ddaf8c5d568143fb105d,24831
a1ef65a1-4821-40cd-a572-be58dab30674,36183d17-6307-4435-a900-e350b238cbb1,74,frozen,2,collective,double-diamond,meta-llama/Llama-3.3-70B-Instruct,high,creative,t,0.0950,0.0950,0.039479,1579,113190,,meta-llama/Llama-3.3-70B-Instruct|Qwen/Qwen3-Coder-Next|moonshotai/Kimi-K2.7-Code|kimi-k2-0905-preview,2026-07-06 03:19:11.537,bfcce80c337302b12dba299d5d95d915,5552
7258788e-a52b-4ff3-b31d-dfdcb2c7b273,36183d17-6307-4435-a900-e350b238cbb1,84,frozen,2,single-model,quality_multipass,openrouter/auto,high,tech,t,0.6000,0.6000,0.000873,8300,75445,,meta-llama/Llama-3.1-8B-Instruct,2026-07-06 03:20:34.227,bd4cf4ef1b4e2fa0f72e8fe0b350299f,54465
59d3d281-0b33-4853-83de-88a811820e13,36183d17-6307-4435-a900-e350b238cbb1,84,frozen,2,collective-tier1,quality_multipass,qwen3.5-omni-flash-2026-03-15,high,tech,t,0.6000,0.6000,5.066996,4956,161627,,qwen3-omni-flash-2025-12-01|qwen-coder-plus|qwen3.5-omni-flash-2026-03-15,2026-07-06 03:21:44.15,a11035fa5a5fa7e3342e287649a83971,10092
3dd1e7b6-8fa4-43bf-89e9-48d2b7b14117,36183d17-6307-4435-a900-e350b238cbb1,123,frozen,2,single-model,single,qwen3:8b,high,business,t,0.0000,0.0000,0.000141,507,8532,,meta-llama/Llama-3.3-70B-Instruct,2026-07-06 03:21:56.588,459d88f4de60a68b75212aee12e5f61b,1648
1e71b5aa-5bf0-4067-8d08-a52f4ac4051a,36183d17-6307-4435-a900-e350b238cbb1,123,frozen,2,collective-tier1,consensus,qwen3.5-omni-flash-2026-03-15,high,business,t,0.6000,0.6000,0.454887,1162,6723,,nex-agi/nex-n2-pro:free|nvidia/nemotron-3-nano-omni-30b-a3b-reasoning:free|qwen3.5-omni-flash-2026-03-15|qwen-plus-2025-12-01|qwen-coder-plus,2026-07-06 03:22:08.981,9e85dc95a02e5c2e7d82a79db09fd642,2410
1f6a7d2d-2594-4934-96a9-f9aaed9f55b8,36183d17-6307-4435-a900-e350b238cbb1,123,frozen,2,single-model,single,openrouter/auto,high,business,t,0.2000,0.2000,0.000233,1214,11176,,openrouter/auto|meta-llama/Llama-3.3-70B-Instruct,2026-07-06 03:22:25.625,be7b8c6c91a431512cca7fb4d9a942b2,1666
c9a095e2-6e8a-456f-b9e4-3e200238ce13,36183d17-6307-4435-a900-e350b238cbb1,123,frozen,2,collective,consensus,qwen3.5-omni-flash-2026-03-15,high,business,t,1.0000,1.0000,0.383957,1018,10960,,kimi-k2-0905-preview|qwen3.5-omni-flash-2026-03-15|codestral-latest|Qwen/Qwen2.5-Coder-1.5B-Instruct|grok-code-fast-1,2026-07-06 03:22:40.294,29e7e6ea858f5adfef75f276f638a515,2025
9d3f3213-b80b-4a53-a650-6050f770d3c9,36183d17-6307-4435-a900-e350b238cbb1,1,frozen,2,single-model,single,qwen3:8b,medium,tech,t,0.6000,0.6000,0.000498,1670,7527,,meta-llama/Llama-3.3-70B-Instruct,2026-07-06 03:22:55.865,e58b750aba4fa913b6d0ab4effbfbdf0,4578
315feb43-6d00-407f-bd26-3ec3f3f205b6,36183d17-6307-4435-a900-e350b238cbb1,84,frozen,2,collective,quality_multipass,Qwen/Qwen3-Coder-30B-A3B-Instruct,high,tech,t,1.0000,1.0000,0.000895,1381,147695,,Qwen/Qwen3-Coder-30B-A3B-Instruct,2026-07-06 03:23:09.873,1f21989f14bcd223b2f55a47580b9151,2083
865bcc86-cdd9-4cd9-8212-25afe2a2c649,36183d17-6307-4435-a900-e350b238cbb1,1,frozen,2,single-model,single,openrouter/auto,medium,tech,t,0.0800,0.0800,0.000173,1063,10603,,openrouter/auto|meta-llama/Llama-3.3-70B-Instruct,2026-07-06 03:23:10.376,70fee3598efa17ad77eea8d8ecd5ab5d,959
60f90e59-70cc-4fda-bb1b-7d78ea7ed9b2,36183d17-6307-4435-a900-e350b238cbb1,84,frozen,2,collective-tier1,quality_multipass,qwen3.5-omni-flash-2026-03-15,high,tech,t,0.0130,0.0130,7.683192,4231,249344,,qwen3-omni-flash-2025-12-01|qwen-coder-plus|qwen3.5-omni-flash-2026-03-15,2026-07-06 03:23:27.706,75439ec7d6aaca93f55d7021beeed892,8706
af83f2ec-b912-4fc0-8fbb-36fb9850a0ad,36183d17-6307-4435-a900-e350b238cbb1,16,frozen,2,single-model,single,qwen3:8b,medium,tech,t,0.0875,0.0875,0.000905,2989,10533,,meta-llama/Llama-3.3-70B-Instruct,2026-07-06 03:23:42.614,cafa23e7a8ca6f2407dbd96c2cc24ca0,9111
fc151271-1e6a-4c58-a2a2-0208351c4ef4,36183d17-6307-4435-a900-e350b238cbb1,1,frozen,2,collective,consensus,phala/qwen3.5-397b-a17b,medium,tech,t,0.6000,0.6000,0.021663,3918,87476,,kimi-k2-0905-preview|gemma-4-31b|codestral-latest|Qwen/Qwen2.5-Coder-1.5B-Instruct|grok-code-fast-1|phala/qwen3.5-397b-a17b,2026-07-06 03:24:48.313,0b966036c2ff3f5715211a5bb4b54f32,5262
2d7fdb21-763c-4739-b6aa-e09ff67db39b,36183d17-6307-4435-a900-e350b238cbb1,16,frozen,2,single-model,single,openrouter/auto,medium,tech,t,0.9000,0.9000,0.001054,3925,14895,,openrouter/auto|meta-llama/Llama-3.3-70B-Instruct,2026-07-06 03:25:09.673,73c8efe9fba9d7429b2f98c65e38d65c,9328
